LapTime,S1,S2,S3,Gear,RPM,Velocity
0:00.078,0.098,,,5,14155,254
0:00.113,0.098,,,5,14081,255
0:00.145,0.098,,,5,14114,255
0:00.178,0.196,,,5,14148,256
0:00.211,0.196,,,5,14181,257
0:00.245,0.196,,,5,14214,257
0:00.278,0.298,,,5,14247,258
0:00.312,0.298,,,5,14279,258
0:00.345,0.298,,,5,14312,259
0:00.378,0.396,,,5,14344,260
0:00.412,0.396,,,5,14376,260
0:00.443,0.396,,,5,14407,261
0:00.478,0.495,,,5,14439,261
0:00.510,0.495,,,5,14471,262
0:00.543,0.495,,,5,14502,262
0:00.610,0.595,,,5,14539,263
0:00.610,0.595,,,5,14573,263
0:00.643,0.595,,,5,14527,262
0:00.677,0.696,,,5,14495,261
0:00.711,0.696,,,5,14450,261
0:00.744,0.696,,,5,14423,261
0:00.779,0.796,,,5,14380,260
0:00.811,0.796,,,5,14348,259
0:00.844,0.796,,,5,14324,259
0:00.878,0.896,,,5,14307,258
0:00.912,0.896,,,5,14298,258
0:00.944,0.896,,,5,14297,258
0:00.979,0.996,,,5,14303,259
0:01.011,0.996,,,5,14317,259
0:01.044,0.996,,,5,14339,259
0:01.078,1.097,,,5,14368,260
0:01.112,1.097,,,5,14400,261
0:01.144,1.097,,,5,14431,261
0:01.178,1.196,,,5,14463,262
0:01.211,1.196,,,5,14495,262
0:01.244,1.196,,,5,14526,263
0:01.278,1.296,,,5,14558,263
0:01.311,1.296,,,5,14589,264
0:01.344,1.296,,,5,14620,265
0:01.378,1.396,,,5,14650,265
0:01.411,1.396,,,5,14681,266
0:01.444,1.396,,,5,14711,266
0:01.478,1.496,,,5,14742,267
0:01.512,1.496,,,5,14772,267
0:01.544,1.496,,,5,14802,268
0:01.578,1.596,,,5,14832,268
0:01.611,1.596,,,5,14599,268
0:01.643,1.596,,,6,14366,268
0:01.678,1.696,,,6,12811,268
0:01.711,1.696,,,6,12842,268
0:01.744,1.696,,,6,12870,269
0:01.778,1.797,,,6,12898,269
0:01.812,1.797,,,6,12925,270
0:01.845,1.797,,,6,12952,271
0:01.878,1.896,,,6,12980,271
0:01.912,1.896,,,6,13006,272
0:01.944,1.896,,,6,13040,272
0:01.980,1.996,,,6,13060,273
0:02.012,1.996,,,6,13086,273
0:02.044,1.996,,,6,13112,274
0:02.078,1.996,,,6,13137,274
0:02.111,2.096,,,6,13163,275
0:02.144,2.096,,,6,13188,275
0:02.178,2.195,,,6,13213,276
0:02.211,2.195,,,6,13238,277
0:02.244,2.195,,,6,13263,277
0:02.279,2.296,,,6,13287,278
0:02.311,2.296,,,6,13308,277
0:02.345,2.296,,,6,13246,276
0:02.378,2.397,,,6,13185,275
0:02.412,2.397,,,6,13125,273
0:02.444,2.397,,,6,13065,272
0:02.479,2.496,,,6,13005,271
0:02.511,2.496,,,6,12946,270
0:02.544,2.496,,,6,12887,268
0:02.578,2.595,,,6,12828,267
0:02.611,2.595,,,6,12770,266
0:02.644,2.595,,,6,12712,265
0:02.679,2.696,,,6,12635,262
0:02.711,2.696,,,6,12409,252
0:02.744,2.696,,,6,12186,252
0:02.777,2.784,,,6,12076,250
0:02.798,2.784,,,6,11857,246
0:02.832,2.784,,,6,11641,241
0:02.860,2.896,,,6,11311,234
0:02.911,2.896,,,6,11077,230
0:02.944,2.896,,,5,10844,226
0:02.978,2.996,,,5,12347,221
0:03.012,2.996,,,5,12112,217
0:03.044,2.996,,,5,11878,213
0:03.077,3.096,,,5,11645,209
0:03.111,3.096,,,5,11412,205
0:03.143,3.096,,,4,12345,201
0:03.177,3.195,,,4,12099,197
0:03.210,3.195,,,4,11860,193
0:03.244,3.195,,,4,11626,189
0:03.277,3.296,,,4,11392,185
0:03.311,3.296,,,4,11276,183
0:03.331,3.296,,,3,12307,178
0:03.376,3.379,,,3,12181,176
0:03.395,3.379,,,3,11809,170
0:03.442,3.379,,,3,11565,167
0:03.476,3.496,,,3,11324,163
0:03.511,3.496,,,3,11088,160
0:03.542,3.496,,,3,10972,158
0:03.563,3.594,,,3,10626,153
0:03.609,3.594,,,3,10400,150
0:03.643,3.594,,,3,10176,147
0:03.675,3.696,,,3,9956,143
0:05.711,3.696,,,3,9734,140
0:03.744,3.696,,,3,9500,139
0:03.777,3.796,,,3,9267,138
0:05.811,3.796,,,3,12663,138
0:03.843,3.796,,,3,12647,138
0:03.878,3.879,,,3,12654,138
0:03.909,3.879,,,3,12679,139
0:03.943,3.879,,,3,12725,139
0:03.976,3.995,,,3,12780,140
0:04.010,3.995,,,3,12843,140
0:04.043,3.995,,,3,12913,141
0:04.075,4.095,,,3,12990,142
0:04.109,4.095,,,3,13000,143
0:04.144,4.095,,,3,13169,144
0:04.179,4.196,,,3,13250,145
0:04.211,4.196,,,3,13373,146
0:04.244,4.196,,,3,13476,147
0:04.277,4.295,,,3,13578,149
0:04.310,4.295,,,3,13376,150
0:04.342,4.295,,,3,13775,151
0:04.377,4.395,,,3,13879,152
0:04.490,4.395,,,3,13985,153
0:04.443,4.395,,,3,14087,154
0:04.478,4.494,,,3,14187,155
0:04.508,4.494,,,3,14287,156
0:04.543,4.494,,,3,14303,156
0:04.576,4.595,,,3,14243,155
0:04.610,4.595,,,3,14183,154
0:04.643,4.595,,,3,14153,154
0:04.659,4.678,,,3,14097,153
0:04.693,4.678,,,3,14039,153
0:04.738,4.678,,,3,13950,152
0:04.775,4.777,,,3,13921,152
0:04.792,4.777,,,3,13838,151
0:04.844,4.777,,,3,13788,150
0:04.876,4.894,,,3,13700,149
0:04.908,4.894,,,3,13667,149
0:04.943,4.894,,,3,13604,148
0:04.965,4.881,,,3,13542,147
0:05.008,4.881,,,3,13490,147
0:05.044,4.981,,,3,13440,146
0:05.062,5.095,,,3,13345,145
0:05.109,5.095,,,3,13297,145
0:05.144,5.095,,,3,13241,144
0:05.177,5.196,,,3,13181,143
0:05.211,5.196,,,3,13100,143
0:05.244,5.196,,,3,13058,142
0:05.275,5.296,,,3,12997,141
0:05.311,5.296,,,3,12936,141
0:05.342,5.296,,,3,12905,140
0:05.369,5.395,,,3,12815,139
0:05.410,5.395,,,3,12756,139
0:05.494,5.395,,,3,12695,138
0:05.476,5.493,,,3,12649,138
0:05.509,5.493,,,3,12622,137
0:05.526,5.493,,,3,12574,137
0:05.577,5.594,,,3,12564,137
0:05.610,5.594,,,3,12569,137
0:05.642,5.594,,,3,12535,136
0:05.661,5.695,,,3,12441,135
0:05.710,5.695,,,3,12376,135
0:05.741,5.695,,,3,12310,134
0:05.775,5.793,,,3,12245,133
0:05.809,5.793,,,3,12180,132
0:05.842,5.793,,,3,12116,132
0:05.876,5.894,,,3,12052,131
0:05.909,5.894,,,3,11985,130
0:05.942,5.894,,,3,11920,130
0:05.976,5.995,,,3,11856,129
0:06.010,5.995,,,3,11793,128
0:06.044,5.995,,,3,11728,128
0:06.077,6.106,,,3,11663,127
0:06.122,6.106,,,3,11588,126
0:06.141,6.106,,,3,11566,126
0:06.159,6.178,,,3,11504,125
0:06.192,6.178,,,3,11430,124
0:06.242,6.178,,,3,11374,124
0:06.276,6.279,,,3,11344,123
0:06.293,6.279,,,3,11301,123
0:06.328,6.279,,,3,11220,122
0:06.378,6.395,,,3,11189,122
0:06.410,6.395,,,3,11172,122
0:06.449,6.395,,,3,11177,122
0:06.476,6.454,,,3,11192,122
0:06.509,6.494,,,3,11220,122
0:06.543,6.494,,,3,11252,123
0:06.577,6.594,,,3,11304,123
0:06.609,6.594,,,3,11365,124
0:06.642,6.594,,,3,11401,125
0:06.661,6.695,,,3,11516,126
0:06.711,6.695,,,3,11559,126
0:06.727,6.695,,,3,11695,128
0:06.776,6.780,,,3,11753,129
0:06.794,6.780,,,3,11929,131
0:06.842,6.780,,,3,11991,131
0:06.859,6.895,,,3,12170,133
0:06.911,6.895,,,3,12291,135
0:06.942,6.895,,,3,12415,136
0:06.976,6.979,,,3,12473,137
0:06.994,6.979,,,3,12594,138
0:07.028,6.979,,,3,12600,140
0:07.077,7.094,,,3,12889,141
0:07.109,7.094,,,3,12946,142
0:07.127,7.094,,,3,13116,144
0:07.176,7.195,,,3,13227,145
0:07.210,7.195,,,3,13334,146
0:07.243,7.195,,,3,13439,147
0:07.276,7.295,,,3,13545,148
0:07.310,7.295,,,3,13644,149
0:07.342,7.295,,,3,13742,150
0:07.377,7.396,,,3,13845,151
0:07.411,7.396,,,3,13945,153
0:07.443,7.396,,,3,14041,154
0:07.478,7.496,,,3,14139,155
0:07.512,7.496,,,3,14234,156
0:07.543,7.496,,,3,14329,157
0:07.576,7.595,,,3,14426,158
0:07.610,7.595,,,3,14517,159
0:07.643,7.595,,,3,14612,160
0:07.677,7.695,,,3,14708,161
0:07.711,7.695,,,3,14798,162
0:07.742,7.695,,,3,14891,163
0:07.777,7.795,,,3,14658,163
0:07.810,7.795,,,3,14642,163
0:07.843,7.795,,,3,11154,163
0:07.877,7.895,,,3,11242,164
0:07.910,7.895,,,3,11323,165
0:07.943,7.895,,,3,11402,166
0:07.976,7.993,,,3,11478,168
0:08.009,7.993,,,3,11556,169
0:08.042,7.993,,,3,11636,170
0:08.076,8.094,,,3,11716,171
0:08.109,8.094,,,3,11795,172
0:08.142,8.094,,,3,11833,173
0:08.159,8.193,,,3,11945,174
0:08.209,8.193,,,3,12024,175
0:08.241,8.193,,,3,12102,177
0:08.274,8.294,,,3,12178,178
0:08.309,8.294,,,3,12252,179
0:08.341,8.294,,,3,12326,180
0:08.360,8.394,,,3,12402,181
0:08.409,8.394,,,3,12476,182
0:08.449,8.394,,,3,12550,183
0:08.476,8.485,,,3,12620,184
0:08.510,8.495,,,3,12691,185
0:08.542,8.495,,,3,12764,186
0:08.576,8.594,,,3,12834,187
0:08.610,8.594,,,3,12902,188
0:08.642,8.594,,,3,12969,189
0:08.676,8.694,,,3,13050,190
0:08.709,8.694,,,3,13100,191
0:08.742,8.694,,,3,13173,192
0:08.776,8.794,,,3,13234,193
0:08.809,8.794,,,3,13297,194
0:08.842,8.794,,,3,13320,195
0:08.876,8.894,,,3,13428,196
0:08.910,8.894,,,3,13488,197
0:08.942,8.894,,,3,13548,198
0:08.974,8.994,,,3,13611,199
0:09.010,8.994,,,3,13689,199
0:09.042,8.994,,,3,13711,200
0:09.076,9.095,,,3,13780,201
0:09.110,9.095,,,3,13851,202
0:09.142,9.095,,,3,13912,203
0:09.176,9.194,,,3,13972,204
0:09.210,9.194,,,3,14031,205
0:09.242,9.194,,,3,14090,205
0:09.277,9.294,,,3,14148,206
0:09.310,9.294,,,3,14206,207
0:09.341,9.294,,,3,14264,208
0:09.377,9.394,,,3,14321,209
0:09.410,9.394,,,3,14379,210
0:09.494,9.394,,,3,14436,211
0:09.476,9.495,,,3,14492,211
0:09.511,9.495,,,3,14549,212
0:09.542,9.495,,,3,14605,213
0:09.576,9.594,,,3,14661,214
0:09.609,9.594,,,3,14716,215
0:09.643,9.594,,,3,14771,215
0:09.676,9.694,,,3,14825,216
0:09.710,9.694,,,3,14736,216
0:09.743,9.694,,,3,14502,216
0:09.776,9.794,,,4,13189,216
0:09.809,9.794,,,4,13208,217
0:09.842,9.794,,,4,13259,217
0:09.876,9.894,,,4,13308,218
0:09.909,9.894,,,4,13357,219
0:09.942,9.894,,,4,13400,220
0:09.976,9.993,,,4,13453,221
0:10.009,9.993,,,4,13501,221
0:10.042,9.993,,,4,13547,222
0:10.075,10.093,,,4,13594,223
0:10.109,10.093,,,4,13640,224
0:10.143,10.093,,,4,13686,224
0:10.175,10.193,,,4,13720,225
0:10.209,10.193,,,4,13778,226
0:10.242,10.193,,,4,13824,227
0:10.275,10.295,,,4,13869,227
0:10.311,10.295,,,4,13914,228
0:10.342,10.295,,,4,13959,229
0:10.375,10.394,,,4,14004,230
0:10.490,10.394,,,4,14048,230
0:10.442,10.394,,,4,14093,231
0:10.475,10.494,,,4,14137,232
0:10.510,10.494,,,4,14181,233
0:10.543,10.494,,,4,14225,233
0:10.575,10.610,,,4,14290,234
0:10.624,10.610,,,4,14312,235
0:10.641,10.610,,,4,14354,235
0:10.675,10.693,,,4,14397,236
0:10.708,10.693,,,4,14440,237
0:10.742,10.693,,,4,14483,238
0:10.775,10.794,,,4,14525,238
0:10.808,10.794,,,4,14567,239
0:10.841,10.794,,,4,14609,240
0:10.875,10.894,,,4,14651,240
0:10.909,10.894,,,4,14692,241
0:10.941,10.894,,,4,14733,242
0:10.974,10.995,,,4,14774,242
0:11.009,10.995,,,4,14815,243
0:11.041,10.995,,,4,14719,243
0:11.075,11.094,,,4,14485,243
0:11.108,11.094,,,5,13433,242
0:11.142,11.094,,,5,13436,243
0:11.175,11.193,,,5,13472,244
0:11.208,11.193,,,5,13509,244
0:11.242,11.193,,,5,13545,245
0:11.275,11.293,,,5,13580,246
0:11.307,11.293,,,5,13621,246
0:11.341,11.293,,,5,13651,247
0:11.375,11.377,,,5,13669,247
0:11.393,11.377,,,5,13722,248
0:11.442,11.377,,,5,13757,249
0:11.474,11.493,,,5,13792,250
0:11.508,11.493,,,5,13827,250
0:11.542,11.493,,,5,13862,251
0:11.575,11.594,,,5,13896,251
0:11.609,11.594,,,5,13910,252
0:11.641,11.594,,,5,13964,252
0:11.675,11.693,,,5,13988,253
0:11.708,11.693,,,5,14032,254
0:11.741,11.693,,,5,14066,255
0:11.775,11.793,,,5,14100,255
0:11.809,11.793,,,5,14134,256
0:11.840,11.793,,,5,14167,256
0:11.875,11.893,,,5,14200,257
0:11.909,11.893,,,5,14233,258
0:11.941,11.893,,,5,14266,258
0:11.974,11.994,,,5,14245,257
0:12.009,11.994,,,5,14181,256
0:12.041,11.994,,,5,14117,255
0:12.075,12.093,,,5,14055,254
0:12.108,12.093,,,5,13992,252
0:12.141,12.093,,,5,13929,251
0:12.176,12.193,,,5,13867,250
0:12.209,12.193,,,5,13743,248
0:12.274,12.193,,,5,13743,248
0:12.279,12.292,,,5,13659,245
0:12.307,12.292,,,5,13410,241
0:12.340,12.292,,,5,13162,236
0:12.374,12.393,,,5,12915,232
0:12.411,12.393,,,5,12693,229
0:12.449,12.393,,,5,12640,228
0:12.474,12.494,,,5,12582,227
0:12.509,12.494,,,5,12502,224
0:12.549,12.494,,,5,12270,220
0:12.574,12.593,,,5,12041,216
0:12:608,12.593,,,5,11813,212
0:12.641,12.593,,,5,11579,208
0:12.676,12.693,,,4,11346,204
0:12.708,12.693,,,4,12308,200
0:12.741,12.693,,,4,12066,196
0:12.775,12.792,,,4,11826,192
0:12.807,12.792,,,4,11591,188
0:12.840,12.792,,,4,11358,184
0:12.874,12.893,,,3,11125,181
0:12.908,12.893,,,3,12282,177
0:12.941,12.893,,,3,12042,174
0:12.974,12.993,,,3,11790,170
0:13.008,12.993,,,3,11544,167
0:13.041,12.993,,,3,11325,165
0:13.074,13.093,,,3,11307,164
0:13.108,13.093,,,3,11289,164
0:13.141,13.093,,,3,11289,164
0:13.175,13.193,,,3,11291,164
0:13.209,13.193,,,3,11299,164
0:13.249,13.193,,,3,11312,165
0:13.273,13.293,,,3,11329,165
0:13.308,13.293,,,3,11350,165
0:13.341,13.293,,,3,11381,166
0:13.375,13.392,,,3,11414,166
0:13.408,13.392,,,3,11451,167
0:13.441,13.392,,,3,11501,168
0:13.472,13.493,,,3,11563,169
0:13.508,13.493,,,3,11634,170
0:13.540,13.493,,,3,11711,171
0:13.574,13.593,,,3,11798,172
0:13.608,13.593,,,3,11882,173
0:13.641,13.593,,,3,11958,175
0:13.674,13.692,,,3,12038,176
0:13.708,13.692,,,3,12123,177
0:13.741,13.692,,,3,12200,178
0:13.773,13.793,,,3,12277,179
0:13.808,13.793,,,3,12357,180
0:13.841,13.793,,,3,12433,181
0:13.874,13.893,,,3,12488,182
0:13.908,13.893,,,3,12533,182
0:13.941,13.893,,,3,12487,182
0:13.973,13.993,,,3,12447,181
0:14.009,13.993,,,3,12391,180
0:14.041,13.993,,,3,12350,180
0:14.073,14.093,,,3,12327,179
0:14.108,14.093,,,3,12317,179
0:14.14),14.093,,,3,12319,179
0:14.174,14.193,,,3,12333,180
0:14.207,14.193,,,3,12356,179
0:14.241,14.193,,,3,12303,179
0:14.274,14.293,,,3,12243,178
0:14.307,14.293,,,3,12189,177
0:14.341,14.293,,,3,12158,177
0:14.374,14.393,,,3,12132,176
0:14.407,14.393,,,3,12123,176
0:14.449,14.393,,,3,12127,176
0:14.474,14.493,,,3,12136,177
0:14.508,14.493,,,3,12157,177
0:14.541,14.493,,,3,12191,178
0:14.574,14.592,,,3,12232,178
0:14.607,14.592,,,3,12285,179
0:14.642,14.592,,,3,12352,180
0:14.674,14.693,,,3,12422,181
0:14.708,14.693,,,3,12490,182
0:14.741,14.693,,,3,12558,183
0:14.774,14.793,,,3,12627,184
0:14.807,14.793,,,3,12697,185
0:14.841,14.793,,,3,12765,186
0:14.874,14.893,,,3,12835,187
0:14.908,14.893,,,3,12906,188
0:14.941,14.893,,,3,12977,189
0:14.973,14.993,,,3,13047,190
0:15.007,14.993,,,3,13112,191
0:15.041,14.993,,,3,13178,192
0:15.074,15.093,,,3,13246,193
0:15.107,15.093,,,3,13312,194
0:15.141,15.093,,,3,13377,195
0:15.174,15.193,,,3,13440,196
0:15.207,15.193,,,3,13500,197
0:15.241,15.193,,,3,13563,198
0:15.275,15.293,,,3,13623,199
0:15.308,15.293,,,3,13684,200
0:15.341,15.293,,,3,13744,200
0:15.374,15.393,,,3,13804,201
0:15.407,15.393,,,3,13865,202
0:15.449,15.393,,,3,13925,203
0:15.474,15.493,,,3,13984,204
0:15.508,15.493,,,3,14044,205
0:15.549,15.493,,,3,14103,206
0:15.574,15.593,,,3,14161,207
0:15.608,15.593,,,3,14219,207
0:15.641,15.593,,,3,14277,208
0:15.674,15.693,,,3,14335,209
0:15.707,15.693,,,3,14392,210
0:15.740,15.693,,,3,14449,211
0:15.774,15.792,,,3,14506,212
0:15.807,15.792,,,3,14563,212
0:15.840,15.792,,,3,14619,213
0:15.874,15.892,,,3,14675,214
0:15.907,15.892,,,3,14730,215
0:15.940,15.892,,,3,14785,216
0:15.974,15.992,,,3,14840,216
0:16.008,15.992,,,3,14606,216
0:16.049,15.992,,,4,14373,216
0:16.074,16.092,,,4,13168,216
0:16.108,16.092,,,4,13224,217
0:16.149,16.092,,,4,13275,218
0:16.172,16.191,,,4,13325,219
0:16.207,16.191,,,4,13374,219
0:16.241,16.191,,,4,13423,220
0:16.274,16.292,,,4,13480,221
0:16.307,16.292,,,4,13518,222
0:16.341,16.292,,,4,13565,223
0:16.373,16.392,,,4,13612,223
0:16.407,16.392,,,4,13659,224
0:16.449,16.392,,,4,13705,225
0:16.474,16.492,,,4,13751,226
0:16.508,16.492,,,4,13797,226
0:16.540,16.492,,,4,13843,227
0:16.573,16.591,,,4,13889,228
0:16.607,16.591,,,4,13920,229
0:16.640,16.591,,,4,13979,229
0:16.674,16.692,,,4,14023,230
0:16.708,16.692,,,4,14068,231
0:16.749,16.692,,,4,14113,231
0:16.774,16.791,,,4,14157,232
0:16.806,16.791,,,4,14201,233
0:16.839,16.791,,,4,14244,234
0:16.874,16.891,,,4,14287,234
0:16.907,16.891,,,4,14330,235
0:16.941,16.891,,,4,14373,236
0:16.974,16.893,,,4,14415,236
0:17.008,16.893,,,4,14459,237
0:17.039,16.893,,,4,14501,238
0:17.073,17.092,,,4,14543,239
0:17.108,17.092,,,4,14583,239
0:17.140,17.092,,,4,14624,240
0:17.173,17.192,,,4,14668,241
0:17.207,17.192,,,4,14712,241
0:17.239,17.192,,,4,14750,242
0:17.272,17.292,,,4,14789,243
0:17.307,17.292,,,4,14833,243
0:17.339,17.292,,,4,14600,243
0:17.373,17.392,,,5,14367,243
0:17.408,17.392,,,5,13409,243
0:17.449,17.392,,,5,13452,243
0:17.473,17.493,,,5,13488,244
0:17.508,17.493,,,5,13500,245
0:17.540,17.493,,,5,13558,245
0:17.573,17.592,,,5,13592,246
0:17.608,17.592,,,5,13626,247
0:17.640,17.592,,,5,13659,247
0:17.673,17.692,,,5,13693,248
0:17.707,17.692,,,5,13723,248
0:17.740,17.692,,,5,13751,249
0:17.773,17.791,,,5,13773,248
0:17.807,17.791,,,5,13700,247
0:17.841,17.791,,,5,13648,246
0:17.873,17.892,,,5,13588,245
0:17.907,17.892,,,5,13531,244
0:17.940,17.892,,,5,13400,244
0:17.973,17.992,,,5,13477,243
0:18.007,17.992,,,5,13462,243
0:18.038,17.992,,,5,13455,243
0:18.072,18.091,,,5,13456,243
0:18.106,18.091,,,5,13465,243
0:18.138,18.091,,,5,13482,244
0:18.173,18.175,,,5,13510,244
0:18.190,18.175,,,5,13530,245
0:18.239,18.175,,,5,13573,246
0:18.273,18.292,,,5,13606,246
0:18.307,18.292,,,5,13638,247
0:18.340,18.292,,,5,13670,247
0:18.373,18.391,,,5,13707,248
0:18.406,18.391,,,5,13740,249
0:18.439,18.391,,,5,13772,249
0:18.472,18.491,,,5,13806,250
0:18.506,18.491,,,5,13840,250
0:18.544,18.491,,,5,13873,251
0:18.571,18.591,,,5,13908,252
0:18.605,18.591,,,5,13939,252
0:18.637,18.591,,,5,13972,253
0:18.672,18.691,,,5,14006,253
0:18.706,18.691,,,5,14039,254
0:18.738,18.691,,,5,14073,255
0:18.772,18.791,,,5,14106,255
0:18.805,18.791,,,5,14140,256
0:18.839,18.791,,,5,14172,256
0:18.872,18.891,,,5,14205,257
0:18.905,18.891,,,5,14237,258
0:18.939,18.891,,,5,14269,258
0:18.973,18.991,,,5,14301,259
0:19.006,18.991,,,5,14334,259
0:19.039,18.991,,,5,14365,260
0:19.072,19.091,,,5,14397,261
0:19.105,19.091,,,5,14429,261
0:19.139,19.091,,,5,14461,262
0:19.172,19.191,,,5,14492,262
0:19.206,19.191,,,5,14523,263
0:19.238,19.258,,,5,14555,263
0:19.272,19.258,,,5,14586,264
0:19.306,19.258,,,5,14617,264
0:19.339,19.258,,,5,14648,265
0:19.372,19.258,0.095,,5,14678,266
0:19.490,19.258,0.095,,5,14709,266
0:19.438,19.258,0.095,,5,14739,267
0:19.473,19.258,0.196,,5,14770,267
0:19.505,19.258,0.196,,5,14800,268
0:19.539,19.258,0.196,,5,14829,268
0:19.572,19.258,0.295,,5,14596,268
0:19.606,19.258,0.295,,6,14363,268
0:19.636,19.258,0.295,,6,12809,268
0:19.672,19.258,0.395,,6,12840,268
0:19.705,19.258,0.395,,6,12868,269
0:19.738,19.258,0.395,,6,12896,269
0:19.772,19.258,0.455,,6,12924,270
0:19.806,19.258,0.455,,6,12951,271
0:19.838,19.258,0.455,,6,12980,271
0:19.872,19.258,0.595,,6,12300,272
0:19.905,19.258,0.595,,6,12320,272
0:19.937,19.258,0.595,,6,13060,273
0:19.971,19.258,0.654,,6,13085,273
0:20.006,19.258,0.654,,6,13062,272
0:20.037,19.258,0.654,,6,13030,271
0:20.071,19.258,0.829,,6,12942,270
0:20.106,19.258,0.829,,6,12883,268
0:20.138,19.258,0.823,,6,12824,267
0:20.173,19.258,0.928,,6,12764,266
0:20.206,19.258,0.928,,6,12705,265
0:20.239,19.258,0.928,,6,12648,263
0:20.271,19.258,1.027,,6,12570,260
0:20.305,19.258,1.027,,6,12344,256
0:20.338,19.258,1.027,,6,12123,251
0:20.370,19.258,1.127,,6,11904,247
0:20.405,19.258,1.127,,6,11686,242
0:20.437,19.258,1.127,,6,11471,237
0:20.471,19.258,1.227,,6,11247,233
0:20.504,19.258,1.227,,6,11014,229
0:20.538,19.258,1.227,,5,10780,224
0:20.572,19.258,1.328,,5,12273,220
0:20.605,19.258,1.328,,5,12037,216
0:20.638,19.258,1.328,,5,11803,212
0:20.670,19.258,1.425,,5,11569,207
0:20.702,19.258,1.425,,4,11336,203
0:20.738,19.258,1.425,,4,12258,199
0:20.770,19.258,1.527,,4,12009,195
0:20.804,19.258,1.527,,4,11764,191
0:20.837,19.258,1.527,,4,11529,187
0:20.871,19.258,1.627,,4,11295,183
0:20.904,19.258,1.627,,3,11062,180
0:20.938,19.258,1.627,,3,12193,176
0:20.972,19.258,1.727,,3,11943,172
0:21.004,19.258,1.727,,3,11694,169
0:21.038,19.258,1.727,,3,11451,165
0:21.071,19.258,1.827,,3,11213,162
0:21.105,19.258,1.827,,3,10979,158
0:21.136,19.258,1.827,,3,10748,155
0:21.171,19.258,1.528,,3,10521,152
0:21.205,19.258,1.928,,3,10300,148
0:21.237,19.258,1.928,,3,10097,146
0:21.271,19.258,2.028,,3,10046,146
0:21.305,19.258,2.028,,3,9997,145
0:21.337,19.258,2.028,,3,9949,144
0:21.371,19.258,2.127,,3,9715,144
0:21.404,19.258,2.127,,3,9482,143
0:21.437,19.258,2.127,,3,13086,142
0:21.472,19.258,2.227,,3,13056,142
0:21.504,19.258,2.227,,3,13029,142
0:21.537,19.258,2.227,,3,12982,141
0:21.571,19.258,2.327,,3,12960,141
0:21.604,19.258,2.327,,3,12955,141
0:21.637,19.258,2.327,,3,12966,142
0:21.671,19.258,2.426,,3,12995,142
0:21.704,19.258,2.426,,3,13038,142
0:21.737,19.258,2.426,,3,13097,143
0:21.772,19.258,2.527,,3,13175,144
0:21.804,19.258,2.527,,3,13269,145
0:21.836,19.258,2.527,,3,13300,146
0:21.871,19.258,2.628,,3,13463,147
0:21.905,19.258,2.628,,3,13554,148
0:21.938,19.258,2.628,,3,13643,149
0:21.971,19.258,2.728,,3,13718,150
0:22.005,19.258,2.728,,3,13818,151
0:22.036,19.258,2.728,,3,13908,152
0:22.072,19.258,2.827,,3,13992,153
0:22.105,19.258,2.827,,3,14074,154
0:22.137,19.258,2.827,,3,14156,155
0:22.171,19.258,2.327,,3,14250,156
0:22.205,19.258,2.827,,3,14342,157
0:22.238,19.258,2.327,,3,14430,158
0:22.271,19.258,3.027,,3,14529,159
0:22.304,19.258,3.027,,3,14620,160
0:22.337,19.258,3.027,,3,14715,161
0:22.371,19.258,3.125,,3,14811,162
0:22.403,19.258,3.125,,3,14748,163
0:22.437,19.258,3.125,,3,14515,162
0:22.471,19.258,3.227,,3,11162,162
0:22.505,19.258,3.227,,3,11191,163
0:22.537,19.258,3.227,,3,11278,165
0:22.571,19.258,3.327,,3,11363,166
0:22.604,19.258,3.327,,3,11446,167
0:22.637,19.258,3.327,,3,11526,168
0:22.671,19.258,3.427,,3,11606,169
0:22.704,19.258,3.427,,3,11689,171
0:22.737,19.258,3.427,,3,11770,172
0:22.771,19.258,3.526,,3,11850,173
0:22.803,19.258,3.526,,3,11928,174
0:22.835,19.258,3.526,,3,12006,175
0:22.870,19.258,3.627,,3,12082,176
0:22.905,19.258,3.627,,3,12157,177
0:22.937,19.258,3.627,,3,12231,178
0:22.971,19.258,3.727,,3,12302,179
0:23.005,19.258,3.727,,3,12370,180
0:23.037,19.258,3.727,,3,12437,181
0:23.070,19.258,3.827,,3,12501,182
0:23.104,19.258,3.827,,3,12564,183
0:23.137,19.258,3.827,,3,12597,184
0:23.155,19.258,3.311,,3,12661,185
0:23.189,19.258,3.311,,3,12757,186
0:23.237,19.258,3.311,,3,12790,187
0:23.255,19.258,4.010,,3,12853,187
0:23.287,19.258,4.010,,3,12917,188
0:23.322,19.258,4.010,,3,12980,190
0:23.371,19.258,4.126,,3,13077,191
0:23.403,19.258,4.126,,3,13141,192
0:23.436,19.258,4.126,,3,13190,193
0:23.471,19.258,4.226,,3,13266,193
0:23.504,19.258,4.226,,3,13329,194
0:23.537,19.258,4.226,,3,13389,195
0:23.571,19.258,4.327,,3,13450,196
0:23.604,19.258,4.327,,3,13510,197
0:23.637,19.258,4.327,,3,13567,198
0:23.670,19.258,4.425,,3,13624,199
0:23.703,19.258,4.425,,3,13685,200
0:23.735,19.258,4.425,,3,13743,200
0:23.770,19.258,4.515,,3,13800,201
0:23.802,19.258,4.515,,3,13856,202
0:23.835,19.258,4.515,,3,13912,203
0:23.871,19.258,4.628,,3,13974,204
0:23.906,19.258,4.628,,3,14030,205
0:23.957,19.258,4.628,,3,14082,205
0:23.970,19.258,4.728,,3,14138,206
0:24.005,19.258,4.728,,3,14195,207
0:24.057,19.258,4.728,,3,14247,208
0:24.071,19.258,4.827,,3,14305,209
0:24.105,19.258,4.827,,3,14361,209
0:24.137,19.258,4.827,,3,14414,210
0:24.171,19.258,4.927,,3,14465,211
0:24.205,19.258,4.927,,3,14518,212
0:24.237,19.258,4.927,,3,14573,213
0:24.271,19.258,5.027,,3,14627,213
0:24.305,19.258,5.027,,3,14681,214
0:24.336,19.258,5.027,,3,14734,215
0:24.371,19.258,5.127,,3,14786,216
0:24.490,19.258,5.127,,3,14839,216
0:24.436,19.258,5.127,,3,14605,216
0:24.471,19.258,5.227,,4,14372,216
0:24.505,19.258,5.227,,4,13161,216
0:24.537,19.258,5.227,,4,13215,217
0:24.571,19.258,5.327,,4,13264,218
0:24.604,19.258,5.327,,4,13312,218
0:24.637,19.258,5.327,,4,13360,219
0:24.671,19.258,5.427,,4,13408,220
0:24.704,19.258,5.427,,4,13455,221
0:24.737,19.258,5.427,,4,13500,221
0:24.771,19.258,5.526,,4,13548,222
0:24.804,19.258,5.526,,4,13593,223
0:24.837,19.258,5.526,,4,13639,224
0:24.871,19.258,5.627,,4,13685,224
0:24.904,19.258,5.627,,4,13700,225
0:24.937,19.258,5.627,,4,13776,226
0:24.970,19.258,5.728,,4,13821,227
0:25.005,19.258,5.728,,4,13867,227
0:25.056,19.258,5.728,,4,13912,228
0:25.071,19.258,5.828,,4,13957,229
0:25.105,19.258,5.828,,4,14002,230
0:25.137,19.258,5.828,,4,14046,230
0:25.171,19.258,5.927,,4,14090,231
0:25.205,19.258,5.927,,4,14135,232
0:25.237,19.258,5.327,,4,14179,233
0:25.271,19.258,6.027,,4,14223,233
0:25.304,19.258,6.027,,4,14266,234
0:25.337,19.258,6.027,,4,14310,235
0:25.371,19.258,6.128,,4,14353,235
0:25.405,19.258,6.128,,4,14397,236
0:25.437,19.258,6.128,,4,14439,237
0:25.471,19.258,6.227,,4,14482,238
0:25.505,19.258,6.227,,4,14524,238
0:25.537,19.258,6.227,,4,14566,239
0:25.570,19.258,6.327,,4,14608,240
0:25.605,19.258,6.327,,4,14650,240
0:25.637,19.258,6.327,,4,14691,241
0:25.671,19.258,6.927,,4,14733,242
0:25.704,19.258,6.927,,4,14774,242
0:25.737,19.258,6.927,,4,14815,243
0:25.771,19.258,6.527,,4,14718,243
0:25.805,19.258,6.527,,4,14485,243
0:25.838,19.258,6.527,,5,13433,242
0:25.872,19.258,6.627,,5,13436,243
0:25.905,19.258,6.627,,5,13472,244
0:25.937,19.258,6.627,,5,13509,244
0:25.971,19.258,8.737,,5,13545,245
0:26.014,19.258,8.737,,5,13581,246
0:26.037,19.258,8.757,,5,13617,246
0:26.072,19.258,6.826,,5,13653,247
0:26.104,19.258,6.826,,5,13688,248
0:26.136,19.258,6.826,,5,13723,248
0:26.170,19.258,6.927,,5,13758,249
0:26.204,19.258,6.927,,5,13783,250
0:26.237,19.258,6.927,,5,13828,250
0:26.271,19.258,7.027,,5,13863,251
0:26.305,19.258,7.027,,5,13898,251
0:26.338,19.258,7.027,,5,13900,252
0:26.371,19.258,7.127,,5,13966,253
0:26.404,19.258,7.127,,5,14001,253
0:26.437,19.258,7.127,,5,14035,254
0:26.471,19.258,7.228,,5,14068,255
0:26.506,19.258,7.228,,5,14102,255
0:26.538,19.258,7.228,,5,14135,256
0:26.571,19.258,7.326,,5,14168,256
0:26.604,19.258,7.326,,5,14202,257
0:26.637,19.258,7.326,,5,14235,258
0:26.671,19.258,7.427,,5,14268,258
0:26.704,19.258,7.427,,5,14300,259
0:26.737,19.258,7.427,,5,14333,259
0:26.771,19.258,7.527,,5,14365,260
0:26.804,19.258,7.527,,5,14397,261
0:26.836,19.258,7.527,,5,14429,261
0:26.872,19.258,7.627,,5,14461,262
0:26.904,19.258,7.627,,5,14493,262
0:26.936,19.258,7.627,,5,14524,263
0:26.971,19.258,7.727,,5,14556,263
0:27.004,19.258,7.727,,5,14587,264
0:27.036,19.258,7.727,,5,14618,265
0:27.070,19.258,7.826,,5,14649,265
0:27.104,19.258,7.826,,5,14680,266
0:27.137,19.258,7.826,,5,14711,266
0:27.171,19.258,7.927,,5,14741,267
0:27.204,19.258,7.927,,5,14771,267
0:27.237,19.258,7.927,,5,14801,268
0:27.271,19.258,8.027,,5,14831,268
0:27.305,19.258,8.027,,5,14598,268
0:27.337,19.258,8.027,,6,14364,268
0:27.371,19.258,8.127,,6,12811,268
0:27.404,19.258,8.127,,6,12842,268
0:27.436,19.258,8.127,,6,12870,269
0:27.471,19.258,8.227,,6,12897,269
0:27.504,19.258,8.227,,6,12925,270
0:27.537,19.258,8.227,,6,12952,271
0:27.571,19.258,8.327,,6,12979,271
0:27.604,19.258,8.327,,6,13006,272
0:27.636,19.258,8.327,,6,13025,272
0:27.671,19.258,8.427,,6,13058,273
0:27.705,19.258,8.427,,6,13084,273
0:27.736,19.258,8.427,,6,13110,274
0:27.770,19.258,8.528,,6,13135,274
0:27.806,19.258,8.528,,6,13165,275
0:27.837,19.258,8.528,,6,13189,276
0:27.870,19.258,8.626,,6,13232,276
0:27.904,19.258,8.626,,6,13265,277
0:27.937,19.258,8.626,,6,13297,278
0:27.970,19.258,8.726,,6,13329,278
0:28.003,19.258,8.726,,6,13361,279
0:28.037,19.258,8.726,,6,13392,280
0:28.070,19.258,8.826,,6,13423,280
0:28.104,19.258,8.826,,6,13454,281
0:28.137,19.258,8.826,,6,13484,281
0:28.170,19.258,8.926,,6,13514,282
0:28.204,19.258,8.926,,6,13544,283
0:28.237,19.258,8.926,,6,13580,284
0:28.269,19.258,9.025,,6,13603,284
0:28.302,19.258,9.025,,6,13632,285
0:28.337,19.258,9.025,,6,13661,285
0:28.369,19.258,9.126,,6,13690,286
0:28.404,19.258,9.126,,6,13719,286
0:28.438,19.258,9.126,,6,13748,287
0:28.470,19.258,9.226,,6,13776,287
0:28.504,19.258,9.226,,6,13805,288
0:28.537,19.258,9.226,,6,13833,289
0:28.570,19.258,9.326,,6,13861,290
0:28.603,19.258,9.326,,6,13889,290
0:28.637,19.258,9.326,,6,13917,291
0:28.670,19.258,9.426,,6,13945,291
0:28.703,19.258,9.426,,6,13973,292
0:28.737,19.258,9.426,,6,14000,292
0:28.769,19.258,9.526,,6,14027,293
0:28.804,19.258,9.526,,6,14054,294
0:28.837,19.258,9.526,,6,14081,294
0:28.870,19.258,9.626,,6,14108,295
0:28.903,19.258,9.626,,6,14135,295
0:28.937,19.258,9.626,,6,14162,296
0:28.970,19.258,9.726,,6,14188,296
0:29.003,19.258,9.726,,6,14215,297
0:29.037,19.258,9.726,,6,14241,298
0:29.071,19.258,9.826,,6,14267,298
0:29.103,19.258,9.826,,6,14293,299
0:29.137,19.258,9.826,,6,14319,299
0:29.170,19.258,9.926,,6,14344,300
0:29.203,19.258,9.926,,6,14369,300
0:29.236,19.258,9.926,,6,14395,301
0:29.269,19.258,10.026,,6,14420,301
0:29.304,19.258,10.026,,6,14445,302
0:29.336,19.258,10.026,,6,14470,302
0:29.370,19.258,10.126,,6,14495,303
0:29.403,19.258,10.126,,6,14519,303
0:29.436,19.258,10.126,,6,14544,304
0:29.470,19.258,10.226,,6,14568,304
0:29.504,19.258,10.226,,6,14592,305
0:29.536,19.258,10.226,,6,14616,305
0:29.570,19.258,10.326,,6,14640,306
0:29.604,19.258,10.326,,6,14664,306
0:29.637,19.258,10.326,,6,14687,307
0:29.670,19.258,10.425,,6,14711,307
0:29.703,19.258,10.425,,6,14734,308
0:29.736,19.258,10.425,,6,14757,308
0:29.769,19.258,10.526,,6,14780,309
0:29.803,19.258,10.526,,6,14803,309
0:29.836,19.258,10.526,,6,14826,310
0:29.870,19.258,10.627,,6,14593,309
0:29.904,19.258,10.627,,7,14359,309
0:29.936,19.258,10.627,,7,12939,309
0:29.969,19.258,10.727,,7,12963,309
0:30.004,19.258,10.727,,7,12984,310
0:30.036,19.258,10.727,,7,13006,310
0:30.069,19.258,10.826,,7,13027,311
0:30.104,19.258,10.826,,7,13048,311
0:30.136,19.258,10.826,,7,13069,312
0:30.169,19.258,10.926,,7,13080,312
0:30.203,19.258,10.926,,7,13110,313
0:30.236,19.258,10.926,,7,13125,313
0:30.269,19.258,11.026,,7,13150,314
0:30.303,19.258,11.026,,7,13170,314
0:30.336,19.258,11.026,,7,13195,315
0:30.369,19.258,11.126,,7,13210,315
0:30.490,19.258,11.126,,7,13229,316
0:30.436,19.258,11.126,,7,13248,316
0:30.469,19.258,11.227,,7,13267,316
0:30.504,19.258,11.227,,7,13286,317
0:30.536,19.258,11.227,,7,13300,317
0:30.569,19.258,11.326,,7,13320,318
0:30.603,19.258,11.326,,7,13341,318
0:30.637,19.258,11.326,,7,13359,319
0:30.669,19.258,11.426,,7,13377,319
0:30.704,19.258,11.426,,7,13395,319
0:30.736,19.258,11.426,,7,13412,320
0:30.768,19.258,11.526,,7,13430,320
0:30.803,19.258,11.526,,7,13447,321
0:30.836,19.258,11.526,,7,13464,321
0:30.869,19.258,11.626,,7,13481,322
0:30.904,19.258,11.626,,7,13497,322
0:30.937,19.258,11.626,,7,13500,322
0:30.969,19.258,11.727,,7,13520,323
0:31.004,19.258,11.727,,7,13547,323
0:31.036,19.258,11.727,,7,13518,322
0:31.069,19.258,11.826,,7,13452,320
0:31.103,19.258,11.826,,7,13386,318
0:31.136,19.258,11.826,,7,13290,317
0:31.169,19.258,11.926,,7,13257,315
0:31.204,19.258,11.926,,7,13193,314
0:31.236,19.258,11.926,,7,13193,312
0:31.268,19.258,12.025,,7,13003,311
0:31.302,19.258,12.025,,7,13000,309
0:31.336,19.258,12.025,,7,12941,307
0:31.369,19.258,12.125,,7,12879,306
0:31.403,19.258,12.125,,7,12817,305
0:31.436,19.258,12.125,,7,12756,303
0:31.469,19.258,12.226,,7,12695,302
0:31.503,19.258,12.226,,7,12635,300
0:31.536,19.258,12.226,,7,12575,299
0:31.569,19.258,12.324,,7,12516,298
0:31.602,19.258,12.324,,7,12456,296
0:31.636,19.258,12.324,,7,12398,295
0:31.669,19.258,12.425,,7,12320,292
0:31.702,19.258,12.425,,7,12107,290
0:31.736,19.258,12.425,,7,11896,282
0:31.769,19.258,12.533,,7,11689,277
0:31.811,19.258,12.533,,7,11484,272
0:31.835,19.258,12.533,,7,11251,267
0:31.869,19.258,12.625,,7,11017,262
0:31.902,19.258,12.625,,6,12427,257
0:31.936,19.258,12.625,,6,12200,253
0:31.969,19.258,12.725,,6,11983,248
0:32.003,19.258,12.725,,6,11775,244
0:32.036,19.258,12.725,,6,11561,240
0:32.069,19.258,12.825,,6,11357,235
0:32.102,19.258,12.825,,6,11123,231
0:32.135,19.258,12.825,,6,10880,227
0:32.169,19.258,12.925,,5,12431,223
0:32.202,19.258,12.925,,5,12202,219
0:32.236,19.258,12.925,,5,11974,215
0:32.270,19.258,13.025,,5,11744,211
0:32.302,19.258,13.025,,5,11511,206
0:32.336,19.258,13.025,,4,11277,202
0:32.368,19.258,13.126,,4,12220,198
0:32.403,19.258,13.126,,4,11976,194
0:32.436,19.258,13.126,,4,11734,190
0:32.469,19.258,13.225,,4,11497,187
0:32.503,19.258,13.225,,4,11264,183
0:32.536,19.258,13.225,,3,11030,179
0:32.569,19.258,13.325,,3,12145,175
0:32.602,19.258,13.325,,3,11888,171
0:32.636,19.258,13.325,,3,11635,168
0:32.669,19.258,13.425,,3,11383,164
0:32.702,19.258,13.425,,3,11133,160
0:32.736,19.258,13.425,,3,10887,157
0:32.769,19.258,13.525,,3,10641,153
0:32.802,19.258,13.525,,3,10401,150
0:32.835,19.258,13.525,,3,10167,146
0:32.869,19.258,13.625,,3,9938,143
0:32.903,19.258,13.625,,3,9707,140
0:32.936,19.258,13.625,,3,9474,138
0:32.969,19.258,13.726,,3,9241,137
0:33.003,19.258,13.726,,3,12510,136
0:33.037,19.258,13.726,,3,12425,135
0:33.070,19.258,13.824,,3,12332,134
0:33.101,19.258,13.824,,3,12251,133
0:33.136,19.258,13.824,,3,12190,133
0:33.168,19.258,13.924,,3,12153,132
0:33.201,19.258,13.924,,3,12140,132
0:33.236,19.258,13.924,,3,12149,132
0:33.269,19.258,14.025,,3,12169,133
0:33.303,19.258,14.025,,3,12197,133
0:33.335,19.258,14.025,,3,12224,133
0:33.367,19.258,14.123,,3,12249,134
0:33.399,19.258,14.123,,3,12274,134
0:33.432,19.258,14.123,,3,12296,134
0:33.466,19.258,14.220,,3,12307,135
0:33.498,19.258,14.220,,3,12377,135
0:33.532,19.258,14.220,,3,12417,136
0:33.562,19.258,14.318,,3,12458,136
0:33.595,19.258,14.318,,3,12501,137
0:33.627,19.258,14.318,,3,12556,137
0:33.660,19.258,14.416,,3,12610,138
0:33.694,19.258,14.416,,3,12673,139
0:33.724,19.258,14.416,,3,12715,139
0:33.757,19.258,14.512,,3,12795,140
0:33.789,19.258,14.512,,3,12870,141
0:33.823,19.258,14.512,,3,12957,142
0:33.855,19.258,14.611,,3,13000,142
0:33.889,19.258,14.611,,3,13113,143
0:33.921,19.258,14.611,,3,13203,144
0:33.954,19.258,14.703,,3,13295,145
0:33.987,19.258,14.703,,3,13388,146
0:34.019,19.258,14.703,,3,13485,148
0:34.052,19.258,14.808,,3,13585,149
0:34.085,19.258,14.808,,3,13682,150
0:34.118,19.258,14.808,,3,13780,151
0:34.150,19.258,14.906,,3,13878,152
0:34.183,19.258,14.906,,3,13975,153
0:34.216,19.258,14.906,,3,14073,154
0:34.248,19.258,15.005,,3,14171,155
0:34.282,19.258,15.005,,3,14269,156
0:34.316,19.258,15.005,,3,14364,157
0:34.348,19.258,15.104,,3,14460,158
0:34.381,19.258,15.104,,3,14556,159
0:34.491,19.258,15.104,,3,14651,160
0:34.448,19.258,15.204,,3,14745,161
0:34.482,19.258,15.204,,3,14834,162
0:34.513,19.258,15.204,,3,14766,163
0:34.546,19.258,15.301,,3,14534,163
0:34.579,19.258,15.301,,3,11172,162
0:34.612,19.258,15.301,,3,11188,163
0:34.645,19.258,15.401,,3,11279,165
0:34.678,19.258,15.401,,3,11355,166
0:34.709,19.258,15.401,,3,11436,167
0:34.744,19.258,15.501,,3,11520,168
0:34.778,19.258,15.501,,3,11593,169
0:34.810,19.258,15.501,,3,11669,170
0:34.843,19.258,15.539,,3,11746,171
0:34.876,19.258,15.539,,3,11829,173
0:34.907,19.258,15.539,,3,11904,174
0:34.949,19.258,15.697,,3,11977,175
0:34.974,19.258,15.697,,3,12055,176
0:35.007,19.258,15.697,,3,12095,176
0:35.024,19.258,15.796,,3,12205,178
0:35.073,19.258,15.796,,3,12279,179
0:35.106,19.258,15.796,,3,12353,180
0:35.138,19.258,15.895,,3,12425,181
0:35.172,19.258,15.895,,3,12497,182
0:35.204,19.258,15.895,,3,12568,183
0:35.236,19.258,15.994,,3,12640,184
0:35.271,19.258,15.994,,3,12710,185
0:35.302,19.258,15.994,,3,12779,186
0:35.336,19.258,16.092,,3,12848,187
0:35.369,19.258,16.092,,3,12916,188
0:35.401,19.258,16.092,,3,12983,189
0:35.434,19.258,16.190,,3,13049,190
0:35.468,19.258,16.190,,3,13115,191
0:35.499,19.258,16.190,,3,13200,192
0:35.531,19.258,16.288,,3,13248,193
0:35.565,19.258,16.288,,3,13300,194
0:35.598,19.258,16.288,,3,13370,195
0:35.632,19.258,16.388,,3,13431,196
0:35.665,19.258,16.388,,3,13491,197
0:35.697,19.258,16.388,,3,13549,198
0:35.730,19.258,16.486,,3,13607,198
0:35.763,19.258,16.486,,3,13666,199
0:35.796,19.258,16.486,,3,13724,200
0:35.829,19.258,16.586,,3,13782,201
0:35.863,19.258,16.586,,3,13840,202
0:35.895,19.258,16.586,,3,13897,203
0:35.928,19.258,16.685,,3,13954,203
0:35.962,19.258,16.685,,3,14011,204
0:35.994,19.258,16.685,,3,14067,205
0:36.026,19.258,16.783,,3,14123,206
0:36.060,19.258,16.783,,3,14179,207
0:36.093,19.258,16.783,,3,14235,208
0:36.126,19.258,16.882,,3,14290,208
0:36.159,19.258,16.882,,3,14345,209
0:36.192,19.258,16.882,,3,14400,210
0:36.225,19.258,16.981,,3,14455,211
0:36.258,19.258,16.981,,3,14510,212
0:36.291,19.258,16.981,,3,14564,212
0:36.325,19.258,17.079,,3,14617,213
0:36.356,19.258,17.079,,3,14670,214
0:36.390,19.258,17.079,,3,14722,215
0:36.423,19.258,17.173,,3,14775,215
0:36.457,19.258,17.173,,3,14827,216
0:36.490,19.258,17.173,,3,14900,216
0:36.522,19.258,17.278,,3,14505,216
0:36.555,19.258,17.278,,4,13186,216
0:36.590,19.258,17.278,,4,13204,217
0:36.622,19.258,17.378,,4,13253,217
0:36.655,19.258,17.378,,4,13300,218
0:36.688,19.258,17.378,,4,13348,219
0:36.720,19.258,17.477,,4,13394,220
0:36.754,19.258,17.477,,4,13440,220
0:36.787,19.258,17.477,,4,13486,221
0:36.820,19.258,17.576,,4,13531,222
0:36.853,19.258,17.576,,4,13575,223
0:56.886,19.258,17.576,,4,13619,223
0:36.921,19.258,17.675,,4,13664,224
0:36.953,19.258,17.675,,4,13709,225
0:36.985,19.258,17.675,,4,13752,226
0:37.018,19.258,17.774,,4,13796,226
0:37.052,19.258,17.774,,4,13840,227
0:37.083,19.258,17.774,,4,13883,228
0:37.117,19.258,17.874,,4,13926,228
0:37.151,19.258,17.874,,4,13969,229
0:37.184,19.258,17.874,,4,14012,230
0:37.217,19.258,17.373,,4,14054,231
0:37.251,19.258,17.973,,4,14097,231
0:37.282,19.258,17.973,,4,14139,232
0:37.316,19.258,18.072,,4,14181,233
0:37.349,19.258,18.072,,4,14223,233
0:37.382,19.258,18.072,,4,14264,234
0:37.414,19.258,18.172,,4,14305,235
0:37.449,19.258,18.172,,4,14347,235
0:37.480,19.258,18.172,,4,14387,236
0:37.514,19.258,18.271,,4,14428,237
0:37.548,19.258,18.271,,4,14469,237
0:37.581,19.258,18.271,,4,14510,238
0:37.613,19.258,18.370,,4,14551,239
0:37.647,19.258,18.370,,4,14591,239
0:37.680,19.258,18.370,,4,14631,240
0:37.712,19.258,18.463,,4,14672,241
0:37.746,19.258,18.463,,4,14711,241
0:37.781,19.258,18.463,,4,14750,242
0:37.813,19.258,18.570,,4,14790,243
0:37.847,19.258,18.570,,4,14830,243
0:37.880,19.258,18.570,,4,14597,243
0:37.912,19.258,18.670,,5,14363,243
0:37.946,19.258,18.670,,5,13405,243
0:37.980,19.258,18.670,,5,13444,243
0:38.013,19.258,18.770,,5,13480,244
0:38.047,19.258,18.770,,5,13515,245
0:38.080,19.258,18.770,,5,13550,245
0:38.113,19.258,18.870,,5,13585,246
0:38.146,19.258,18.870,,5,13619,246
0:38.179,19.258,18.870,,5,13654,247
0:38.213,19.258,18.970,,5,13689,248
0:38.247,19.258,18.970,,5,13724,248
0:38.280,19.258,18.970,,5,13757,249
0:38.313,19.258,19.07,,5,13792,250
0:38.346,19.258,19.07,,5,13827,250
0:38.381,19.258,19.07,,5,13860,251
0:38.413,19.258,19.171,,5,13893,251
0:38.447,19.258,19.171,,5,13927,252
0:38.481,19.258,19.171,,5,13961,253
0:38.513,19.258,19.270,,5,13994,253
0:38.546,19.258,19.270,,5,14028,254
0:38.580,19.258,19.270,,5,14062,254
0:38.613,19.258,19.370,,5,14085,255
0:38.646,19.258,19.370,,5,14127,256
0:38.680,19.258,19.370,,5,14160,256
0:38.713,19.258,19.470,,5,14193,256
0:38.749,19.258,19.470,,5,14225,257
0:38.780,19.258,19.470,,5,14257,258
0:38.813,19.258,19.570,,5,14291,259
0:38.846,19.258,19.570,,5,14323,259
0:38.880,19.258,19.570,,5,14354,260
0:38.913,19.258,19.671,,5,14387,260
0:38.947,19.258,19.671,,5,14420,261
0:38.980,19.258,19.671,,5,14452,262
0:39.012,19.258,19.770,,5,14483,262
0:39.046,19.258,19.770,,5,14515,263
0:39.080,19.258,19.770,,5,14546,263
0:39.113,19.258,19.870,,5,14577,264
0:39.146,19.258,19.870,,5,14608,264
0:39.180,19.258,19.870,,5,14640,265
0:39.213,19.258,19.963,,5,14670,265
0:39.245,19.258,19.963,,5,14701,266
0:39.280,19.258,19.963,,5,14730,267
0:39.312,19.258,20.070,,5,14762,267
0:39.346,19.258,20.070,,5,14792,268
0:39.379,19.258,20.070,,5,14822,268
0:39.414,19.258,20.171,,5,14720,268
0:39.447,19.258,20.171,,5,14487,268
0:39.480,19.258,20.171,,6,12832,267
0:39.513,19.258,20.270,,6,12831,268
0:39.546,19.258,20.270,,6,12859,269
0:39.579,19.258,20.270,,6,12887,269
0:39.614,19.258,20.371,,6,12915,270
0:39.648,19.258,20.371,,6,12942,270
0:39.680,19.258,20.371,,6,12969,271
0:39.713,19.258,20.471,,6,12996,271
0:39.747,19.258,20.471,,6,13000,272
0:39.781,19.258,20.471,,6,13049,273
0:39.814,19.258,20.570,,6,13080,273
0:39.846,19.258,20.570,,6,13102,274
0:39.880,19.258,20.570,,6,13128,274
0:39.912,19.258,20.670,,6,13153,275
0:39.946,19.258,20.670,,6,13179,275
0:39.980,19.258,20.670,,6,13204,276
0:40.013,19.258,20.770,,6,13229,276
0:40.046,19.258,20.770,,6,13253,277
0:40.080,19.258,20.770,,6,13278,277
0:40.113,19.258,20.869,,6,13302,278
0:40.146,19.258,20.869,,6,13326,278
0:40.180,19.258,20.869,,6,13350,279
0:40.213,19.258,20.970,,6,13380,279
0:40.246,19.258,20.370,,6,13396,280
0:40.280,19.258,20.970,,6,13419,280
0:40.314,19.258,21.070,,6,13442,281
0:40.346,19.258,21.070,,6,13465,281
0:40.380,19.258,21.070,,6,13487,282
0:40.413,19.258,21.170,,6,13509,282
0:40.449,19.258,21.170,,6,13525,283
0:40.480,19.258,21.170,,6,13552,283
0:40.513,19.258,21.270,,6,13574,284
0:40.546,19.258,21.270,,6,13585,284
0:40.580,19.258,21.270,,6,13617,284
0:40.613,19.258,21.370,,6,13638,285
0:40.646,19.258,21.370,,6,13660,285
0:40.680,19.258,21.370,,6,13681,286
0:40.713,19.258,21.470,,6,13702,286
0:40.746,19.258,21.470,,6,13723,287
0:40.779,19.258,21.470,,6,13743,287
0:40.813,19.258,21.570,,6,13764,287
0:40.846,19.258,21.570,,6,13785,288
0:40.880,19.258,21.570,,6,13805,288
0:40.913,19.258,21.670,,6,13826,289
0:40.946,19.258,21.670,,6,13846,289
0:40.980,19.258,21.670,,6,13867,290
0:41.013,19.258,21.770,,6,13887,290
0:41.046,19.258,21.770,,6,13907,290
0:41.080,19.258,21.770,,6,13927,291
0:41.113,19.258,21.869,,6,13947,291
0:41.146,19.258,21.869,,6,13977,292
0:41.180,19.258,21.869,,6,13987,292
0:41.214,19.258,21.970,,6,14006,293
0:41.247,19.258,21.970,,6,14026,293
0:41.280,19.258,21.970,,6,14046,293
0:41.313,19.258,22.070,,6,14065,294
0:41.347,19.258,22.070,,6,14085,294
0:41.380,19.258,22.070,,6,14104,295
0:41.491,19.258,22.171,,6,14123,295
0:41.447,19.258,22.171,,6,14142,295
0:41.480,19.258,22.171,,6,14161,296
0:41.513,19.258,22.270,,6,14180,296
0:41.547,19.258,22.270,,6,14199,297
0:41.580,19.258,22.270,,6,14218,297
0:41.612,19.258,22.370,,6,14189,296
0:41.646,19.258,22.370,,6,14122,294
0:41.680,19.258,22.370,,6,14056,293
0:41.713,19.258,22.462,,6,13950,291
0:41.747,19.258,22.462,,6,13924,290
0:41.778,19.258,22.462,,6,13749,285
0:41.813,19.258,22.462,0.063,6,13510,280
0:41.847,19.258,22.462,0.063,6,13274,275
0:41.880,19.258,22.462,0.063,6,13041,270
0:41.912,19.258,22.462,0.162,6,12811,265
0:41.946,19.258,22.462,0.162,6,12584,265
0:41.980,19.258,22.462,0.162,6,12360,256
0:42.014,19.258,22.462,0.263,6,12138,251
0:42.046,19.258,22.462,0.263,6,11918,247
0:42.080,19.258,22.462,0.263,6,11701,242
0:42.113,19.258,22.462,0.363,6,11486,238
0:42.146,19.258,22.462,0.363,6,11263,233
0:42.180,19.258,22.462,0.363,6,11030,229
0:42.212,19.258,22.462,0.462,5,10797,225
0:42.246,19.258,22.462,0.462,5,12296,220
0:42.280,19.258,22.462,0.462,5,12061,216
0:42.313,19.258,22.462,0.562,5,11828,212
0:42.347,19.258,22.462,0.562,5,11594,208
0:42.379,19.258,22.462,0.562,4,11361,204
0:42.412,19.258,22.462,0.662,4,12298,200
0:42.445,19.258,22.462,0.662,4,12052,196
0:42.479,19.258,22.462,0.662,4,11807,192
0:42.513,19.258,22.462,0.762,4,11570,188
0:42.546,19.258,22.462,0.762,4,11336,184
0:42.581,19.258,22.462,0.762,3,11103,180
0:42.613,19.258,22.462,0.862,3,12212,176
0:42.646,19.258,22.462,0.862,3,11956,172
0:42.680,19.258,22.462,0.862,3,11722,170
0:42.712,19.258,22.462,0.962,3,11676,170
0:42.746,19.258,22.462,0.962,3,11629,169
0:42.780,19.258,22.462,0.962,3,11583,168
0:42.813,19.258,22.462,1.063,3,11536,167
0:42.847,19.258,22.462,1.063,3,11488,167
0:42.879,19.258,22.462,1.063,3,11441,166
0:42.912,19.258,22.462,1.162,3,11379,164
0:42.947,19.258,22.462,1.162,3,11142,161
0:42.981,19.258,22.462,1.162,3,10906,157
0:43.013,19.258,22.462,1.263,3,10675,154
0:43.046,19.258,22.462,1.263,3,10448,151
0:43.079,19.258,22.462,1.263,3,10231,147
0:43.112,19.258,22.462,1.362,3,10018,144
0:43.147,19.258,22.462,1.362,3,9805,141
0:43.180,19.258,22.462,1.362,3,9571,138
0:43.212,19.258,22.462,1.462,3,9338,135
0:43.246,19.258,22.462,1.462,3,12247,132
0:43.280,19.258,22.462,1.462,3,11991,130
0:43.313,19.258,22.462,1.563,3,11742,127
0:43.346,19.258,22.462,1.563,3,11489,124
0:43.380,19.258,22.462,1.563,3,11244,121
0:43.413,19.258,22.462,1.663,3,11004,119
0:43.447,19.258,22.462,1.663,3,10778,116
0:43.479,19.258,22.462,1.663,3,10551,114
0:43.513,19.258,22.462,1.763,3,10328,112
0:43.546,19.258,22.462,1.763,3,10112,109
0:43.564,19.258,22.462,1.763,3,9895,107
0:43.613,19.258,22.462,1.863,3,9684,104
0:43.645,19.258,22.462,1.863,3,9474,102
0:43.680,19.258,22.462,1.863,3,9284,101
0:43.713,19.258,22.462,1.962,3,9231,100
0:43.747,19.258,22.462,1.962,3,9179,100
0:43.780,19.258,22.462,1.962,3,9127,99
0:43.812,19.258,22.462,2.062,3,9076,99
0:43.847,19.258,22.462,2.062,3,9023,98
0:43.880,19.258,22.462,2.062,3,8973,97
0:43.912,19.258,22.462,2.162,3,8922,97
0:43.947,19.258,22.462,2.162,3,8871,96
0:43.980,19.258,22.462,2.162,3,8824,96
0:44.013,19.258,22.462,2.263,3,8786,95
0:44.046,19.258,22.462,2.263,3,8754,95
0:44.080,19.258,22.462,2.263,3,8726,95
0:44.113,19.258,22.462,2.362,3,8715,95
0:44.146,19.258,22.462,2.362,3,8716,95
0:44.180,19.258,22.462,2.362,3,8729,95
0:44.213,19.258,22.462,2.462,3,8752,95
0:44.247,19.258,22.462,2.462,3,8788,96
0:44.280,19.258,22.462,2.462,3,8833,96
0:44.315,19.258,22.462,2.562,3,8886,97
0:44.345,19.258,22.462,2.562,3,8948,98
0:44.380,19.258,22.462,2.562,3,4017,99
0:44.413,19.258,22.462,2.663,3,9093,99
0:44.449,19.258,22.462,2.663,3,9180,100
0:44.480,19.258,22.462,2.663,3,9278,102
0:44.513,19.258,22.462,2.745,3,9383,103
0:44.549,19.258,22.462,2.745,3,9495,104
0:44.580,19.258,22.462,2.745,3,9547,104
0:44.598,19.258,22.462,2.847,3,9646,106
0:44.634,19.258,22.462,2.847,3,9737,106
0:44.662,19.258,22.462,2.847,3,9724,106
0:44.713,19.258,22.462,2.962,3,9695,105
0:44.744,19.258,22.462,2.962,3,9679,105
0:44.791,19.258,22.462,2.962,3,9679,105
0:44.811,19.258,22.462,3.061,3,9688,106
0:44.832,19.258,22.462,3.061,3,9730,106
0:44.879,19.258,22.462,3.061,3,9769,107
0:44.914,19.258,22.462,3.164,3,9814,107
0:44.945,19.258,22.462,3.164,3,9879,108
0:44.979,19.258,22.462,3.164,3,9961,109
0:45.012,19.258,22.462,3.262,3,10054,110
0:45.045,19.258,22.462,3.262,3,10156,111
0:45.079,19.258,22.462,3.262,3,10271,113
0:45.113,19.258,22.462,3.363,3,10395,114
0:45.144,19.258,22.462,3.363,3,10522,115
0:45.179,19.258,22.462,3.363,3,10650,117
0:45.212,19.258,22.462,3.461,3,10783,118
0:45.244,19.258,22.462,3.461,3,10915,120
0:45.280,19.258,22.462,3.461,3,11043,121
0:45.311,19.258,22.462,3.547,3,11177,123
0:45.346,19.258,22.462,3.547,3,11247,123
0:45.364,19.258,22.462,3.547,3,11447,126
0:45.491,19.258,22.462,3.663,3,11582,127
0:45.449,19.258,22.462,3.663,3,11648,128
0:45.464,19.258,22.462,3.663,3,11851,130
0:45.511,19.258,22.462,3.761,3,11983,131
0:45.546,19.258,22.462,3.761,3,12111,133
0:45.579,19.258,22.462,3.761,3,12173,133
0:45.596,19.258,22.462,3.846,3,12358,135
0:45.631,19.258,22.462,3.846,3,12483,137
0:45.679,19.258,22.462,3.846,3,12613,138
0:45.713,19.258,22.462,3.862,3,12675,139
0:45.729,19.258,22.462,3.862,3,12857,141
0:45.779,19.258,22.462,3.862,3,12914,141
0:45.796,19.258,22.462,4.046,3,13085,143
0:45.844,19.258,22.462,4.046,3,13142,144
0:45.863,19.258,22.462,4.046,3,13309,146
0:45.911,19.258,22.462,4.161,3,13419,147
0:45.930,19.258,22.462,4.161,3,13528,148
0:45.980,19.258,22.462,4.161,3,13600,149
0:46.012,19.258,22.462,4.262,3,13685,150
0:46.053,19.258,22.462,4.262,3,13840,151
0:46.063,19.258,22.462,4.262,3,13943,153
0:46.111,19.258,22.462,4.361,3,14045,154
0:46.145,19.258,22.462,4.361,3,14147,155
0:46.179,19.258,22.462,4.361,3,14248,156
0:46.212,19.258,22.462,4.462,3,14349,157
0:46.245,19.258,22.462,4.462,3,14399,158
0:46.264,19.258,22.462,4.462,3,14499,159
0:46.296,19.258,22.462,4.546,3,14646,160
0:46.346,19.258,22.462,4.546,3,14744,161
0:46.379,19.258,22.462,4.546,3,14840,162
0:46.412,19.258,22.462,4.662,3,14772,163
0:46.445,19.258,22.462,4.662,3,14538,163
0:46.480,19.258,22.462,4.662,3,11186,162
0:46.514,19.258,22.462,4.763,3,11214,164
0:46.546,19.258,22.462,4.763,3,11297,165
0:46.580,19.258,22.462,4.763,3,11381,166
0:46.613,19.258,22.462,4.863,3,11464,167
0:46.646,19.258,22.462,4.863,3,11546,169
0:46.680,19.258,22.462,4.863,3,11628,170
0:46.711,19.258,22.462,4.946,3,11710,171
0:46.746,19.258,22.462,4.946,3,11751,172
0:46.763,19.258,22.462,4.946,3,11872,173
0:46.812,19.258,22.462,5.062,3,11952,174
0:46.846,19.258,22.462,5.062,3,12032,176
0:46.879,19.258,22.462,5.062,3,12111,177
0:46.912,19.258,22.462,5.162,3,12189,178
0:46.944,19.258,22.462,5.162,3,12266,179
0:46.979,19.258,22.462,5.162,3,12343,180
0:47.018,19.258,22.462,5.268,3,12419,181
0:47.045,19.258,22.462,5.268,3,12495,182
0:47.079,19.258,22.462,5.268,3,12569,183
0:47.104,19.258,22.462,5.354,3,12643,184
0:47.133,19.258,22.462,5.354,3,12715,186
0:47.179,19.258,22.462,5.354,3,12786,187
0:47.198,19.258,22.462,5.447,3,12857,188
0:47.244,19.258,22.462,5.447,3,12892,188
0:47.278,19.258,22.462,5.447,3,12961,189
0:47.295,19.258,22.462,5.545,3,13029,190
0:47.337,19.258,22.462,5.545,3,13100,192
0:47.378,19.258,22.462,5.545,3,13163,192
0:47.395,19.258,22.462,5.645,3,13280,193
0:47.445,19.258,22.462,5.645,3,13325,194
0:47.478,19.258,22.462,5.645,3,13420,195
0:47.514,19.258,22.462,5.762,3,13480,196
0:47.545,19.258,22.462,5.762,3,13511,197
0:47.579,19.258,22.462,5.762,3,13571,198
0:47.597,19.258,22.462,5.847,3,13631,199
0:47.645,19.258,22.462,5.847,3,13691,200
0:47.679,19.258,22.462,5.847,3,13720,200
0:47.695,19.258,22.462,5.845,3,13800,201
0:47.730,19.258,22.462,5.845,3,13874,202
0:47.779,19.258,22.462,5.845,3,13900,203
0:47.813,19.258,22.462,6.063,3,13995,204
0:47.846,19.258,22.462,6.063,3,14054,205
0:47.879,19.258,22.462,6.063,3,14114,206
0:47.913,19.258,22.462,6.163,3,14173,207
0:47.945,19.258,22.462,5.163,3,14232,208
0:47.979,19.258,22.462,6.163,3,14291,208
0:48.011,19.258,22.462,6.261,3,14349,209
0:48.045,19.258,22.462,6.261,3,14407,210
0:48.079,19.258,22.462,6.261,3,14465,211
0:48.112,19.258,22.462,6.362,3,14522,212
0:48.146,19.258,22.462,6.362,3,14608,213
0:48.195,19.258,22.462,6.362,3,14637,213
0:48.212,19.258,22.462,6.462,3,14694,214
0:48.246,19.258,22.462,6.462,3,14722,215
0:48.262,19.258,22.462,6.462,3,14778,215
0:48.295,19.258,22.462,6.545,3,14861,217
0:48.344,19.258,22.462,6.545,3,14745,217
0:48.364,19.258,22.462,6.545,4,14395,216
0:48.397,19.258,22.462,6.647,4,13280,216
0:48.449,19.258,22.462,6.647,4,13221,217
0:48.464,19.258,22.462,6.647,4,13297,218
0:48.512,19.258,22.462,6.762,4,13348,219
0:48.546,19.258,22.462,6.762,4,13397,220
0:48.580,19.258,22.462,6.762,4,13446,221
0:48.614,19.258,22.462,6.864,4,13500,221
0:48.647,19.258,22.462,6.864,4,13542,222
0:48.680,19.258,22.462,6.864,4,13590,223
0:48.721,19.258,22.462,6.971,4,13637,224
0:48.744,19.258,22.462,6.971,4,13684,224
0:48.778,19.258,22.462,6.971,4,13700,225
0:48.813,19.258,22.462,7.063,4,13778,226
0:48.845,19.258,22.462,7.063,4,13825,227
0:48.879,19.258,22.462,7.063,4,13880,228
0:48.916,19.258,22.462,7.166,4,13917,228
0:48.945,19.258,22.462,7.166,4,13963,229
0:48.980,19.258,22.462,7.166,4,14009,230
0:49.023,19.258,22.462,7.272,4,14054,231
0:49.045,19.258,22.462,7.272,4,14089,231
0:49.079,19.258,22.462,7.272,4,14144,232
0:49.112,19.258,22.462,7.362,4,14189,233
0:49.146,19.258,22.462,7.362,4,14234,233
0:49.180,19.258,22.462,7.362,4,14279,234
0:49.212,19.258,22.462,7.462,4,14323,235
0:49.247,19.258,22.462,7.462,4,14367,236
0:49.280,19.258,22.462,7.462,4,14411,236
0:49.313,19.258,22.462,7.563,4,14454,237
0:49.346,19.258,22.462,7.563,4,14497,238
0:49.378,19.258,22.462,7.563,4,14540,238
0:49.491,19.258,22.462,7.662,4,14583,239
0:49.447,19.258,22.462,7.662,4,14626,240
0:49.480,19.258,22.462,7.662,4,14668,241
0:49.513,19.258,22.462,7.763,4,14710,241
0:49.546,19.258,22.462,7.763,4,14753,242
0:49.582,19.258,22.462,7.763,4,14773,242
0:49.604,19.258,22.462,7.854,4,14815,243
0:49.629,19.258,22.462,7.854,4,14719,243
0:49.662,19.258,22.462,7.854,4,14485,243
0:49.696,19.258,22.462,7.946,5,13416,243
0:49.744,19.258,22.462,7.946,5,13457,244
0:49.780,19.258,22.462,7.946,5,13500,244
0:49.813,19.258,22.462,8.063,5,13531,245
0:49.846,19.258,22.462,8.063,5,13550,245
0:49.863,19.258,22.462,8.063,5,13605,246
0:49.911,19.258,22.462,8.161,5,13630,247
0:49.934,19.258,22.462,8.161,5,13658,247
0:49.978,19.258,22.462,8.161,5,13700,248
0:49.995,19.258,22.462,8.245,5,13748,249
0:50.045,19.258,22.462,8.245,5,13784,249
0:50.079,19.258,22.462,8.245,5,13820,250
0:50.113,19.258,22.462,8.363,5,13856,251
0:50.146,19.258,22.462,8.363,5,13891,251
0:50.179,19.258,22.462,8.363,5,13926,252
0:50.213,19.258,22.462,8.463,5,13961,253
0:50.249,19.258,22.462,8.463,5,13996,253
0:50.279,19.258,22.462,8.463,5,14030,254
0:50.296,19.258,22.462,8.546,5,14065,255
0:50.346,19.258,22.462,8.546,5,14089,255
0:50.379,19.258,22.462,8.546,5,14133,256
0:50.396,19.258,22.462,8.646,5,14167,256
0:50.457,19.258,22.462,8.646,5,14201,257
0:50.480,19.258,22.462,8.646,5,14235,258
0:50.513,19.258,22.462,8.763,5,14268,258
0:50.545,19.258,22.462,8.763,5,14302,259
0:50.580,19.258,22.462,8.763,5,14318,259
0:50.597,19.258,22.462,8.847,5,14368,260
0:50.646,19.258,22.462,8.847,5,14400,261
0:50.690,19.258,22.462,8.847,5,14433,261
0:50.711,19.258,22.462,8.961,5,14466,262
0:50.747,19.258,22.462,8.961,5,14498,262
0:50.781,19.258,22.462,8.961,5,14530,263
0:50.812,19.258,22.462,9.061,5,14562,264
0:50.847,19.258,22.462,9.061,5,14594,264
0:50.880,19.258,22.462,9.061,5,14626,265
0:50.914,19.258,22.462,9.163,5,14657,265
0:50.947,19.258,22.462,9.163,5,14689,266
0:50.979,19.258,22.462,9.163,5,14704,266
0:50.997,19.258,22.462,9.247,5,14740,267
0:51.031,19.258,22.462,9.247,5,14782,267
0:51.080,19.258,22.462,9.247,5,15103,268
0:51.112,19.258,22.462,9.362,5,14687,268
0:51.146,19.258,22.462,9.362,5,14453,268
0:51.180,19.258,22.462,9.362,6,12827,267
0:51.213,19.258,22.462,9.463,6,12827,268
0:51.247,19.258,22.462,9.463,6,12856,269
0:51.280,19.258,22.462,9.463,6,12885,269
0:51.313,19.258,22.462,9.563,6,12913,270
0:51.349,19.258,22.462,9.563,6,12941,270
0:51.380,19.258,22.462,9.563,6,12969,271
0:51.422,19.258,22.462,9.672,6,12997,272
0:51.449,19.258,22.462,9.672,6,13024,272
0:51.482,19.258,22.462,9.672,6,13060,273
0:51.512,19.258,22.462,9.762,6,13078,273
0:51.546,19.258,22.462,9.762,6,13105,274
0:51.580,19.258,22.462,9.762,6,13125,274
0:51.612,19.258,22.462,9.862,6,13157,275
0:51.646,19.258,22.462,9.862,6,13180,275
0:51.680,19.258,22.462,9.862,6,13209,276
0:51.712,19.258,22.462,9.962,6,13220,276
0:51.746,19.258,22.462,9.962,6,13240,277
0:51.780,19.258,22.462,9.962,6,13284,277
0:51.813,19.258,22.462,10.063,6,13300,278
0:51.865,19.258,22.462,10.063,6,13334,279
0:51.879,19.258,22.462,10.063,6,13366,279
0:51.912,19.258,22.462,10.162,6,13388,280
0:51.945,19.258,22.462,10.162,6,13429,281
0:51.979,19.258,22.462,10.162,6,13445,281
0:51.997,19.258,22.462,10.247,6,13491,282
0:52.046,19.258,22.462,10.247,6,13522,283
0:52.080,19.258,22.462,10.247,6,13552,283
0:52.114,19.258,22.462,10.364,6,13583,284
0:52.148,19.258,22.462,10.364,6,13612,284
0:52.180,19.258,22.462,10.364,6,13642,285
0:52.220,19.258,22.462,10.470,6,13680,286
0:52.245,19.258,22.462,10.470,6,13702,286
0:52.281,19.258,22.462,10.470,6,13750,287
0:52.313,19.258,22.462,10.562,6,13776,288
0:52.363,19.258,22.462,10.562,6,13790,288
0:52.380,19.258,22.462,10.562,6,13819,289
0:52.412,19.258,22.462,10.662,6,13849,289
0:52.447,19.258,22.462,10.662,6,13878,290
0:52.479,19.258,22.462,10.662,6,13907,291
0:52.513,19.258,22.462,10.762,6,13935,291
0:52.546,19.258,22.462,10.762,6,13965,292
0:52.580,19.258,22.462,10.762,6,13983,292
0:52.614,19.258,22.462,10.863,6,14020,293
0:52.645,19.258,22.462,10.863,6,14048,293
0:52.678,19.258,22.462,10.863,6,14076,294
0:52.715,19.258,22.462,10.865,6,14102,294
0:52.746,19.258,22.462,10.965,6,14128,295
0:52.780,19.258,22.462,10.965,6,14156,296
0:52.813,19.258,22.462,11.063,6,14184,296
0:52.846,19.258,22.462,11.063,6,14211,297
0:52.879,19.258,22.462,11.063,6,14238,297
0:52.912,19.258,22.462,11.162,6,14265,298
0:52.945,19.258,22.462,11.162,6,14292,299
0:52.979,19.258,22.462,11.162,6,14319,299
0:535.01,19.258,22.462,11.262,6,14345,300
0:53.045,19.258,22.462,11.262,6,14371,300
0:53.078,19.258,22.462,11.262,6,14397,301
0:53.119,19.258,22.462,11.369,6,14423,301
0:53.145,19.258,22.462,11.369,6,14463,302
0:53.195,19.258,22.462,11.369,6,14476,302
0:53.212,19.258,22.462,11.462,6,14501,303
0:53.244,19.258,22.462,11.462,6,14515,303
0:53.278,19.258,22.462,11.462,6,14540,304
0:53.297,19.258,22.462,11.547,6,14565,304
0:53.330,19.258,22.462,11.547,6,14603,305
0:53.379,19.258,22.462,11.547,6,14628,306
0:53.412,19.258,22.462,11.662,6,14653,306
0:53.447,19.258,22.462,11.662,6,14678,307
0:53.480,19.258,22.462,11.662,6,14702,307
0:53.512,19.258,22.462,11.762,6,14727,307
0:53.545,19.258,22.462,11.762,6,14751,308
0:53.580,19.258,22.462,11.762,6,14775,309
0:53.613,19.258,22.462,11.863,6,14799,309
0:53.646,19.258,22.462,11.863,6,14822,310
0:53.684,19.258,22.462,11.863,6,14589,309
0:53.711,19.258,22.462,11.861,7,14356,309
0:53.746,19.258,22.462,11.861,7,12938,309
0:53.779,19.258,22.462,11.861,7,12962,309
0:53.813,19.258,22.462,12.063,7,12984,310
0:53.846,19.258,22.462,12.063,7,13000,310
0:53.880,19.258,22.462,12.063,7,13027,311
0:53.913,19.258,22.462,12.162,7,13050,311
0:53.945,19.258,22.462,12.162,7,13070,312
0:53.979,19.258,22.462,12.162,7,13091,312
0:54.013,19.258,22.462,12.262,7,13112,313
0:54.046,19.258,22.462,12.262,7,13135,313
0:54.080,19.258,22.462,12.262,7,13153,314
0:54.112,19.258,22.462,12.362,7,13173,314
0:54.149,19.258,22.462,12.362,7,13203,315
0:54.203,19.258,22.462,12.362,7,13225,315
0:54.212,19.258,22.462,12.462,7,13310,316
0:54.249,19.258,22.462,12.462,7,13252,316
0:54.279,19.258,22.462,12.462,7,13271,317
0:54.313,19.258,22.462,12.563,7,13290,317
0:54.345,19.258,22.462,12.563,7,13300,317
0:54.378,19.258,22.462,12.563,7,13328,318
0:54.491,19.258,22.462,12.662,7,13346,318
0:54.494,19.258,22.462,12.662,7,13355,319
0:54.496,19.258,22.462,12.662,7,13373,319
0:54.497,19.258,22.462,12.746,7,13400,320
0:54.545,19.258,22.462,12.746,7,13418,320
0:54.579,19.258,22.462,12.746,7,13435,320
0:54.597,19.258,22.462,12.847,7,13452,321
0:54.646,19.258,22.462,12.847,7,13478,321
0:54.696,19.258,22.462,12.847,7,13486,322
0:54.711,19.258,22.462,12.975,7,13500,322
0:54.744,19.258,22.462,12.975,7,13520,322
0:54.778,19.258,22.462,12.975,7,13528,323
0:54.797,19.258,22.462,13.046,7,13553,323
0:54.846,19.258,22.462,13.046,7,13565,324
0:54.879,19.258,22.462,13.046,7,13585,324
0:54.913,19.258,22.462,13.162,7,13601,324
0:54.946,19.258,22.462,13.162,7,13617,325
0:54.979,19.258,22.462,13.162,7,13633,325
0:55.013,19.258,22.462,13.263,7,13649,326
0:55.046,19.258,22.462,13.263,7,13664,326
0:55.080,19.258,22.462,13.263,7,13680,326
0:55.112,19.258,22.462,13.362,7,13696,327
0:55.146,19.258,22.462,13.362,7,13700,327
0:55.164,19.258,22.462,13.362,7,13727,327
0:55.213,19.258,22.462,13.463,7,13743,328
0:55.246,19.258,22.462,13.463,7,13758,328
0:55.279,19.258,22.462,13.463,7,13773,328
0:55.313,19.258,22.462,13.563,7,13788,329
0:55.345,19.258,22.462,13.563,7,13803,329
0:55.380,19.258,22.462,13.563,7,13818,330
0:55.491,19.258,22.462,13.662,7,13826,330
0:55.429,19.258,22.462,13.662,7,13849,330
0:55.478,19.258,22.462,13.662,7,13856,330
0:55.495,19.258,22.462,13.745,7,13878,330
0:55.530,19.258,22.462,13.745,7,13893,331
0:55.579,19.258,22.462,13.745,7,13900,332
0:55.612,19.258,22.462,13.862,7,13922,332
0:55.646,19.258,22.462,13.862,7,13944,333
0:55.695,19.258,22.462,13.862,7,13951,333
0:55.712,19.258,22.462,13.862,7,13965,333
0:55.745,19.258,22.462,13.862,7,13972,333
0:55.762,19.258,22.462,13.862,7,13987,334
0:55.797,19.258,22.462,14.046,7,14008,334
0:55.844,19.258,22.462,14.046,7,14015,334
0:55.862,19.258,22.462,14.046,7,14036,335
0:55.902,19.258,22.462,14.151,7,14050,335
0:55.944,19.258,22.462,14.151,7,14057,335
0:55.962,19.258,22.462,14.151,7,14077,336
0:56.013,19.258,22.462,14.263,7,14091,336
0:56.046,19.258,22.462,14.263,7,14112,337
0:56.095,19.258,22.462,14.263,7,14112,337
0:56.124,19.258,22.462,14.374,7,14132,337
0:56.145,19.258,22.462,14.374,7,14146,337
0:56.180,19.258,22.462,14.374,7,14159,338
0:56.213,19.258,22.462,14.462,7,14173,338
0:56.245,19.258,22.462,14.462,7,14179,338
0:56.264,19.258,22.462,14.962,7,14193,338
0:56.296,19.258,22.462,14.546,7,14212,339
0:56.346,19.258,22.462,14.546,7,14226,339
0:56.380,19.258,22.462,14.546,7,14239,340
0:56.411,19.258,22.462,14.646,7,14252,340
0:56.445,19.258,22.462,14.646,7,14265,340
0:56.480,19.258,22.462,14.646,7,14278,341
0:56.513,19.258,22.462,14.763,7,14291,341
0:56.546,19.258,22.462,14.763,7,14304,341
0:56.579,19.258,22.462,14.763,7,14317,341
0:56.611,19.258,22.462,14.861,7,14329,342
0:56.645,19.258,22.462,14.861,7,14343,342
0:56.679,19.258,22.462,14.861,7,14355,342
0:56.712,19.258,22.462,14.862,7,14368,343
0:56.744,19.258,22.462,14.862,7,14387,343
0:56.795,19.258,22.462,14.862,7,14399,343
0:56.830,19.258,22.462,15.078,7,14406,344
0:56.844,19.258,22.462,15.078,7,14418,344
0:56.879,19.258,22.462,15.078,7,14437,344
0:56.929,19.258,22.462,15.178,7,14443,344
0:56.944,19.258,22.462,15.178,7,14456,345
0:56.979,19.258,22.462,15.178,7,14468,345
0:57.012,19.258,22.462,15.262,7,14480,345
0:57.045,19.258,22.462,15.262,7,14493,346
0:57.064,19.258,22.462,15.262,7,14505,346
0:57.111,19.258,22.462,15.361,7,14517,346
0:57.145,19.258,22.462,15.361,7,14529,346
0:57.178,19.258,22.462,15.361,7,14541,347
0:57.211,19.258,22.462,15.444,7,14553,347
0:57.247,19.258,22.462,15.444,7,14565,347
0:57.279,19.258,22.462,15.444,7,14577,348
0:57.312,19.258,22.462,15.562,7,14589,348
0:57.345,19.258,22.462,15.562,7,14595,348
0:57.362,19.258,22.462,15.562,7,14600,348
0:57.412,19.258,22.462,15.662,7,14625,349
0:57.445,19.258,22.462,15.662,7,14636,349
0:57.479,19.258,22.462,15.662,7,14648,349
0:57.512,19.258,22.462,15.761,7,14659,350
0:57.545,19.258,22.462,15.761,7,14671,350
0:57.578,19.258,22.462,15.761,7,14682,350
0:57.616,19.258,22.462,15.866,7,14693,350
0:57.645,19.258,22.462,15.866,7,14705,351
0:57.678,19.258,22.462,15.866,7,14710,351
0:57.711,19.258,22.462,15.861,7,14722,351
0:57.729,19.258,22.462,15.861,7,14738,351
0:57.778,19.258,22.462,15.861,7,14744,352
0:57.796,19.258,22.462,16.046,7,14761,352
0:57.845,19.258,22.462,16.046,7,14772,352
0:57.879,19.258,22.462,16.046,7,14782,352
0:57.895,19.258,22.462,16.144,7,14798,353
0:57.963,19.258,22.462,16.144,7,14804,353
0:57.979,19.258,22.462,16.144,7,14814,353
0:58.012,19.258,22.462,16.261,7,14581,353
0:58.044,19.258,22.462,16.261,8,14347,352
0:58.078,19.258,22.462,16.261,8,12069,352
0:58.114,19.258,22.462,16.364,8,12081,352
0:58.145,19.258,22.462,16.364,8,12092,352
0:58.178,19.258,22.462,16.364,8,12112,353
0:58.245,19.258,22.462,16.495,8,12123,353
0:58.279,19.258,22.462,16.495,8,12133,354
0:58.311,19.258,22.462,16.495,8,12143,354
0:58.345,19.258,22.462,16.595,8,12153,354
0:58.378,19.258,22.462,16.595,8,12163,355
0:58.412,19.258,22.462,16.595,8,12174,355
0:58.449,19.258,22.462,16.695,8,12183,355
0:58.479,19.258,22.462,16.695,8,12193,355
0:58.511,19.258,22.462,16.695,8,12203,356
0:58.545,19.258,22.462,16.795,8,12213,356
0:58.579,19.258,22.462,16.795,8,12223,356
0:58.612,19.258,22.462,16.795,8,12233,357
0:58.645,19.258,22.462,16.895,8,12242,357
0:58.678,19.258,22.462,16.895,8,12252,357
0:58.712,19.258,22.462,16.895,8,12261,357
0:58.749,19.258,22.462,16.998,8,12271,358
0:58.778,19.258,22.462,16.998,8,12285,358
0:58.830,19.258,22.462,16.998,8,12289,358
0:58.847,19.258,22.462,17.096,8,12294,358
0:58.865,19.258,22.462,17.096,8,12303,359
0:58.897,19.258,22.462,17.096,8,12317,359
0:58.944,19.258,22.462,17.181,8,12326,359
0:58.979,19.258,22.462,17.181,8,12332,358
0:59.013,19.258,22.462,17.181,8,12270,357
0:59.045,19.258,22.462,17.295,8,12179,354
0:59.096,19.258,22.462,17.295,8,12179,354
0:59.127,19.258,22.462,17.285,8,12085,351
0:59.145,19.258,22.462,17.395,8,11994,349
0:59.194,19.258,22.462,17.395,8,11964,348
0:59.212,19.258,22.462,17.395,8,11874,345
0:59.262,19.258,22.462,17.512,8,11814,343
0:59.296,19.258,22.462,17.512,8,11755,342
0:59.329,19.258,22.462,17.512,8,11697,340
0:59.365,19.258,22.462,17.615,8,11610,337
0:59.423,19.258,22.462,17.615,8,11581,337
0:59.431,19.258,22.462,17.615,8,11430,331
0:59.471,19.258,22.462,17.721,8,11227,325
0:59.495,19.258,22.462,17.721,8,11031,319
0:59.528,19.258,22.462,17.721,8,10841,314
0:59.562,19.258,22.462,17.812,8,10630,308
0:59.595,19.258,22.462,17.812,8,10397,303
0:59.629,19.258,22.462,17.812,7,10163,298
0:59.661,19.258,22.462,17.911,7,12362,293
0:59.696,19.258,22.462,17.911,7,12149,288
0:59.730,19.258,22.462,17.911,7,11938,283
0:59.765,19.258,22.462,18.015,7,11730,278
0:59.796,19.258,22.462,18.015,7,11525,273
0:59.833,19.258,22.462,18.015,7,11291,268
0:59.874,19.258,22.462,18.123,7,11058,263
0:59.904,19.258,22.462,18.123,6,12472,258
0:59.929,19.258,22.462,18.123,6,12249,254
0:59.963,19.258,22.462,18.213,6,12028,249
0:59.995,19.258,22.462,18.213,6,11809,245
1:00.030,19.258,22.462,18.213,6,11594,240
1:00.063,19.258,22.462,18.313,6,11378,236
1:00.096,19.258,22.462,18.313,6,11145,231
1:00.130,19.258,22.462,18.313,6,10912,227
1:00.162,19.258,22.462,18.412,5,12408,222
1:00.195,19.258,22.462,18.412,5,12171,218
1:00.229,19.258,22.462,18.412,5,11936,214
1:00.262,19.258,22.462,18.512,5,11703,210
1:00.296,19.258,22.462,18.512,5,11469,206
1:00.330,19.258,22.462,18.512,4,12417,202
1:00.363,19.258,22.462,18.612,4,12175,198
1:00.395,19.258,22.462,18.612,4,11937,194
1:00.428,19.258,22.462,18.612,4,11700,190
1:00.462,19.258,22.462,18.712,4,11467,186
1:00.497,19.258,22.462,18.712,4,11234,182
1:00.530,19.258,22.462,18.712,3,11117,180
1:00.546,19.258,22.462,18.796,3,12122,175
1:00.595,19.258,22.462,18.796,3,11869,171
1:00.629,19.258,22.462,18.796,3,11620,168
1:00.663,19.258,22.462,18.913,3,11373,164
1:00.697,19.258,22.462,18.913,3,11128,160
1:00.730,19.258,22.462,18.913,3,10887,157
1:00.773,19.258,22.462,19.023,3,10652,153
1:00.796,19.258,22.462,19.023,3,10415,150
1:00.849,19.258,22.462,19.023,3,10182,147
1:00.862,19.258,22.462,19.112,3,9954,143
1:00.897,19.258,22.462,19.112,3,9726,140
1:00.930,19.258,22.462,19.112,3,9492,137
1:00.962,19.258,22.462,19.212,3,9259,134
1:00.995,19.258,22.462,19.212,3,12126,131
1:01.029,19.258,22.462,19.212,3,11861,128
1:01.062,19.258,22.462,19.311,3,11629,127
1:01.095,19.258,22.462,19.311,3,11615,127
1:01.129,19.258,22.462,19.311,3,11614,127
1:01.162,19.258,22.462,19.412,3,11632,127
1:01.196,19.258,22.462,19.412,3,11664,127
1:01.230,19.258,22.462,19.412,3,11718,128
1:01.261,19.258,22.462,19.511,3,11782,129
1:01.295,19.258,22.462,19.511,3,11859,130
1:01.330,19.258,22.462,19.511,3,11949,131
1:01.374,19.258,22.462,19.624,3,12049,132
1:01.395,19.258,22.462,19.624,3,12151,133
1:01.429,19.258,22.462,19.624,3,12247,134
1:01.473,19.258,22.462,19.722,3,12339,135
1:01.495,19.258,22.462,19.722,3,12428,136
1:01.530,19.258,22.462,19.722,3,12520,137
1:01.563,19.258,22.462,19.813,3,12610,138
1:01.595,19.258,22.462,19.813,3,12701,139
1:01.629,19.258,22.462,19.813,3,12792,140
1:01.662,19.258,22.462,19.912,3,12885,141
1:01.695,19.258,22.462,19.9312,3,12981,142
1:01.729,19.258,22.462,19.9312,3,13078,143
1:01.762,19.258,22.462,20.012,3,13174,144
1:01.796,19.258,22.462,20.012,3,13273,145
1:01.829,19.258,22.462,20.012,3,13374,146
1:01.873,19.258,22.462,20.123,3,13479,148
1:01.896,19.258,22.462,20.123,3,13584,149
1:01.929,19.258,22.462,20.123,3,13683,150
1:01.963,19.258,22.462,20.213,3,13780,151
1:01.996,19.258,22.462,20.213,3,13883,152
1:02.030,19.258,22.462,20.213,3,13986,153
1:02.062,19.258,22.462,20.312,3,14083,154
1:02.096,19.258,22.462,20.312,3,14188,155
1:02.130,19.258,22.462,20.312,3,14288,156
1:02.173,19.258,22.462,20.4923,3,14384,157
1:02.196,19.258,22.462,20.423,3,14481,159
1:02.229,19.258,22.462,20.423,3,14581,160
1:02.262,19.258,22.462,20.512,3,14676,161
1:02.296,19.258,22.462,20.512,3,14774,162
1:02.329,19.258,22.462,20.512,3,14871,163
1:02.362,19.258,22.462,20.612,3,14638,163
1:02.395,19.258,22.462,20.612,3,14404,162
1:02.429,19.258,22.462,20.612,3,11172,162
1:02.447,19.258,22.462,20.697,3,11240,164
1:02.497,19.258,22.462,20.697,3,11323,165
1:02.540,19.258,22.462,20.697,3,11405,166
1:02.573,19.258,22.462,20.823,3,11488,168
1:02.597,19.258,22.462,20.823,3,11570,169
1:02.633,19.258,22.462,20.823,3,11652,170
1:02.662,19.258,22.462,20.912,3,11734,171
1:02.695,19.258,22.462,20.912,3,11815,172
1:02.729,19.258,22.462,20.912,3,11885,174
1:02.773,19.258,22.462,21.023,3,11975,175
1:02.807,19.258,22.462,21.023,3,12055,176
1:02.829,19.258,22.462,21.023,3,12134,177
1:02.863,19.258,22.462,21.112,3,12212,178
1:02.895,19.258,22.462,21.112,3,12289,179
1:02.934,19.258,22.462,21.112,3,12366,180
1:02.962,19.258,22.462,21.212,3,12442,182
1:02.997,19.258,22.462,21.212,3,12517,183
1:03.030,19.258,22.462,21.212,3,12592,184
1:03.063,19.258,22.462,21.313,3,12739,186
1:03.129,19.258,22.462,21.313,3,12775,186
1:03.144,19.258,22.462,21.313,3,12846,187
1:03.178,19.258,22.462,21.427,3,12917,188
1:03.213,19.258,22.462,21.427,3,12987,189
1:03.245,19.258,22.462,21.427,3,13056,190
1:03.279,19.258,22.462,21.528,3,13124,191
1:03.312,19.258,22.462,21.528,3,13191,192
1:03.346,19.258,22.462,21.528,3,13258,193
1:03.380,19.258,22.462,21.629,3,13311,194
1:03.412,19.258,22.462,21.629,3,13388,195
1:03.445,19.258,22.462,21.629,3,13451,196
1:03.480,19.258,22.462,21.929,3,13513,197
1:03.513,19.258,22.462,21.729,3,13575,198
1:03.545,19.258,22.462,21.729,3,13636,199
1:03.579,19.258,22.462,21.828,3,13696,200
1:03.613,19.258,22.462,21.828,3,13757,201
1:03.646,19.258,22.462,21.828,3,13817,202
1:03.688,19.258,22.462,21.936,3,13877,202
1:03.712,19.258,22.462,21.936,3,13930,203
1:03.746,19.258,22.462,21.936,3,13996,204
1:03.780,19.258,22.462,22.023,3,14056,205
1:035.81,19.258,22.462,22.023,3,14144,206
1:03.872,19.258,22.462,22.0239,3,14173,207
1:03.880,19.258,22.462,22.129,3,14231,208
1:03.913,19.258,22.462,22.129,3,14289,208
1:03.966,19.258,22.462,22.129,3,14354,209
1:03.979,19.258,22.462,22.227,3,14426,210
1:04.012,19.258,22.462,22.227,3,14497,211
1:04.049,19.258,22.462,22.227,3,14567,213
1:04.080,19.258,22.462,22.328,3,14637,214
1:04.114,19.258,22.462,22.328,3,14707,215
1:04.157,19.258,22.462,22.328,3,14776,216
1:04.180,19.258,22.462,22.423,3,14844,217
1:04.213,19.258,22.462,22.423,3,14611,216
1:04.246,19.258,22.462,22.423,4,14377,216
1:04.280,19.258,22.462,22.529,4,13178,216
1:04.314,19.258,22.462,22.529,4,13247,217
1:04.345,19.258,22.462,22.5239,4,13310,218
1:04.379,19.258,22.462,22.628,4,13372,219
1:04.491,19.258,22.462,22.628,4,13433,220
1:04.494,19.258,22.462,22.628,4,13480,221
1:04.479,19.258,22.462,22.728,4,13522,222
1:04.497,19.258,22.462,22.728,4,13610,223
1:04.545,19.258,22.462,22.728,4,13668,224
1:04.580,19.258,22.462,22.829,4,13726,225
1:04.612,19.258,22.462,22.829,4,13784,226
1:04.646,19.258,22.462,22.829,4,13841,227
1:04.680,19.258,22.462,22.829,4,13899,228
1:04.724,19.258,22.462,22.929,4,13956,229
1:04.757,19.258,22.462,22.829,4,14013,230
1:04.779,19.258,22.462,23.028,4,14069,231
1:04.814,19.258,22.462,23.028,4,14125,232
1:04.858,19.258,22.462,23.028,4,14180,233
1:04.880,19.258,22.462,23.129,4,14236,234
1:04.914,19.258,22.462,23.129,4,14291,234
1:04.947,19.258,22.462,23.129,4,14345,235
1:04.979,19.258,22.462,23.228,4,14400,236
1:05.012,19.258,22.462,23.228,4,14454,237
1:05.047,19.258,22.462,23.228,4,14508,238
1:05.078,19.258,22.462,23.327,4,14562,239
1:05.113,19.258,22.462,23.327,4,14615,240
1:05.146,19.258,22.462,23.327,4,14642,240
1:05.168,19.258,22.462,23.418,4,14721,242
1:05.213,19.258,22.462,23.418,4,14773,242
1:05.245,19.258,22.462,23.418,4,14825,243
1:05.280,19.258,22.462,23.528,4,14734,244
1:05.313,19.258,22.462,23.529,4,14500,243
1:05.345,19.258,22.462,23.529,5,13700,243
1:05.380,19.258,22.462,23.629,5,13460,244
1:05.413,19.258,22.462,23.629,5,13500,245
1:05.447,19.258,22.462,23.629,5,13553,245
1:05.480,19.258,22.462,23.729,5,13598,246
1:05.513,19.258,22.462,23.729,5,13644,247
1:05.547,19.258,22.462,23.729,5,13689,248
1:05.579,19.258,22.462,23.828,5,13712,248
1:05.599,19.258,22.462,23.828,5,13779,249
1:05.646,19.258,22.462,23.828,5,13824,250
1:05.680,19.258,22.462,23.929,5,13860,251
1:05.698,19.258,22.462,23.929,5,13891,251
1:05.731,19.258,22.462,23.929,5,13958,253
1:05.778,19.258,22.462,24.027,5,14002,253
1:05.813,19.258,22.462,24.027,5,14024,254
1:05.833,19.258,22.462,24.027,5,14089,255
1:05.878,19.258,22.462,24.116,5,14110,255
1:05.902,19.258,22.462,24.116,5,14175,256
1:05.946,19.258,22.462,24.116,5,14218,257
1:05.979,19.258,22.462,24.228,5,14260,258
1:06.012,19.258,22.462,24.228,5,14303,259
1:06.046,19.258,22.462,24.228,5,14345,260
1:06.079,19.258,22.462,24.327,5,14387,260
1:06.112,19.258,22.462,24.327,5,14429,261
1:06.146,19.258,22.462,24.327,5,14470,262
1:06.179,19.258,22.462,24.428,5,14511,262
1:06.213,19.258,22.462,24.428,5,14552,263
1:06.246,19.258,22.462,24.4928,5,14593,264
1:06.278,19.258,22.462,24.527,5,14633,265
1:06.313,19.258,22.462,24.527,5,14674,266
1:06.347,19.258,22.462,24.527,5,14714,266
1:06.379,19.258,22.462,24.628,5,14754,267
1:06.412,19.258,22.462,24.628,5,14794,268
1:06.447,19.258,22.462,24.628,5,14833,268
1:06.480,19.258,22.462,24.729,5,14600,268
1:06.512,19.258,22.462,24.723,6,14367,268
1:06.546,19.258,22.462,24.729,6,12817,268
1:06.580,19.258,22.462,24.829,6,12856,269
1:06.612,19.258,22.462,24.829,6,12893,269
1:06.646,19.258,22.462,24.829,6,12929,270
1:06.679,19.258,22.462,24.928,6,12965,271
1:06.713,19.258,22.462,24.928,6,13001,272
1:06.746,19.258,22.462,24.928,6,13010,272
1:06.779,19.258,22.462,25.027,6,13080,273
1:06.813,19.258,22.462,25.027,6,13105,274
1:06.846,19.258,22.462,25.027,6,13135,275
1:06.890,19.258,22.462,25.139,6,13173,275
1:06.913,19.258,22.462,25.139,6,13207,276
1:06.946,19.258,22.462,25.139,6,13240,277
1:06.980,19.258,22.462,25.228,6,13273,277
1:07.012,19.258,22.462,25.228,6,13289,278
1:07.032,19.258,22.462,25.228,6,13000,279
1:07.081,19.258,22.462,25.329,6,13350,279
1:07.113,19.258,22.462,25.329,6,13400,280
1:07.146,19.258,22.462,25.329,6,13431,281
1:07.179,19.258,22.462,25.428,6,13462,281
1:07.223,19.258,22.462,25.428,6,13477,282
1:07.237,19.258,22.462,25.428,6,13522,283
1:07.278,19.258,22.462,25.527,6,13552,283
1:07.315,19.258,22.462,25.527,6,13567,283
1:07.334,19.258,22.462,25.527,6,13611,284
1:07.378,19.258,22.462,25.627,6,13640,285
1:07.412,19.258,22.462,25.627,6,13655,285
1:07.438,19.258,22.462,25.627,6,13698,286
1:07.479,19.258,22.462,25.728,6,13727,286
1:07.512,19.258,22.462,25.728,6,13750,287
1:07.546,19.258,22.462,25.728,6,13784,288
1:07.579,19.258,22.462,25.828,6,13812,289
1:07.612,19.258,22.462,25.828,6,13841,289
1:07.646,19.258,22.462,25.828,6,13860,290
1:07.680,19.258,22.462,25.928,6,13897,290
1:07.713,19.258,22.462,25.928,6,13925,291
1:07.746,19.258,22.462,25.928,6,13953,291
1:07.780,19.258,22.462,26.029,6,13980,292
1:07.813,19.258,22.462,26.029,6,14008,293
1:07.847,19.258,22.462,26.029,6,14021,293
1:07.863,19.258,22.462,26.113,6,14062,294
1:07.912,19.258,22.462,26.113,6,14089,294
1:07.947,19.258,22.462,26.113,6,14116,295
1:07.980,19.258,22.462,26.228,6,14143,295
1:08.014,19.258,22.462,26.228,6,14169,296
1:08.048,19.258,22.462,26.228,6,14222,297
1:08.112,19.258,22.462,26.394,6,14248,298